feature,shap_value,absolute_shap_value
num__bedroom_num,15652065.539614815,15652065.539614815
num__latitude,3988743.896602406,3988743.896602406
num__longitude,-2158846.0432414953,2158846.0432414953
num__area_per_bedroom,982686.3460543354,982686.3460543354
num__balcony_num,863446.5290662997,863446.5290662997
cat__locality_Powai,663970.8606911023,663970.8606911023
num__area,-310657.1611674054,310657.1611674054
num__bathroom_num,-288048.2130024819,288048.2130024819
num__age,217583.36431126294,217583.36431126294
cat__city_Mumbai,-217392.86920453596,217392.86920453596
cat__furnished_Furnished,-98213.49816065501,98213.49816065501
cat__furnished_Unfurnished,92349.2347282729,92349.2347282729
cat__city_Central Mumbai,-72513.8125424545,72513.8125424545
cat__locality_Goregaon,59966.53611044111,59966.53611044111
cat__locality_Sion,-49036.912394556646,49036.912394556646
cat__locality_Bandra,-44299.2468440241,44299.2468440241
cat__furnished_Semi-Furnished,35890.73869713334,35890.73869713334
cat__locality_Ville Parle,-34543.22667584134,34543.22667584134
cat__locality_Kharghar,-33950.83529424853,33950.83529424853
cat__locality_Matunga,-33022.08109742271,33022.08109742271
num__bathroom_per_bedroom,-32892.52687900256,32892.52687900256
cat__locality_Mulund,-28611.135929643617,28611.135929643617
cat__locality_Prabhadevi,-28188.896137700496,28188.896137700496
cat__locality_Andheri,-24676.760330631976,24676.760330631976
cat__locality_Wadala,-23359.273390650967,23359.273390650967
cat__city_Western Mumbai,-22381.054755614714,22381.054755614714
cat__locality_Malad,18487.650219416388,18487.650219416388
cat__city_Mumbai South,-16362.078200947244,16362.078200947244
cat__locality_Borivali,-15335.864122926669,15335.864122926669
cat__locality_infrequent_sklearn,-14599.412706003313,14599.412706003313
cat__locality_Panvel,-14101.014333803956,14101.014333803956
cat__locality_Kurla,13228.109278302029,13228.109278302029
cat__locality_Koper Khairane,11957.228268799943,11957.228268799943
cat__locality_Nerul,-9987.059444580358,9987.059444580358
cat__locality_Kanjurmarg,-8475.188311178017,8475.188311178017
cat__age_group_New,8050.097691061972,8050.097691061972
cat__locality_Dadar,-6561.56339727314,6561.56339727314
cat__locality_Seawoods,-6161.182918627439,6161.182918627439
cat__locality_Bhandup,5603.658908466996,5603.658908466996
cat__locality_Thane,-5501.034866143072,5501.034866143072
cat__locality_Vile Parle,-5141.5183224984185,5141.5183224984185
cat__locality_Santacruz,4881.501791173876,4881.501791173876
cat__locality_Deonar,4184.813069333348,4184.813069333348
cat__locality_Malabar Hill,-4097.52427411515,4097.52427411515
cat__locality_Worli,4020.6459561777096,4020.6459561777096
cat__locality_Juhu,-3830.449736137523,3830.449736137523
cat__property_type_Apartment,3552.6800134006357,3552.6800134006357
cat__age_group_Moderately New,-3487.893648287838,3487.893648287838
cat__locality_Khar,-3463.736951383168,3463.736951383168
cat__locality_Kalwa,3384.599145891131,3384.599145891131
cat__locality_Ulwe,3314.6573571680497,3314.6573571680497
cat__locality_Ghatkopar,3138.631128068051,3138.631128068051
cat__locality_Byculla,3115.1085525511417,3115.1085525511417
cat__locality_Mira Road,3056.7132535721053,3056.7132535721053
cat__locality_Vikhroli,3016.0745298294773,3016.0745298294773
cat__property_type_Villa,-2991.120771946714,2991.120771946714
cat__property_type_Independent House,-2770.850171173054,2770.850171173054
cat__locality_Mahim,-2675.08037817727,2675.08037817727
cat__locality_Chembur,-2666.193665597294,2666.193665597294
cat__locality_Taloja,2657.195843208525,2657.195843208525
cat__locality_Vashi,-2510.4526715843626,2510.4526715843626
cat__locality_Sanpada,-2041.7479669022348,2041.7479669022348
cat__locality_Kalyan,-2040.6326650636654,2040.6326650636654
cat__locality_Colaba,-1759.5849027238983,1759.5849027238983
cat__age_group_Old,1748.215784981578,1748.215784981578
cat__locality_Girgaon,-1694.931609920893,1694.931609920893
cat__locality_Bhiwandi,1622.8243510696984,1622.8243510696984
cat__locality_Lower Parel,-1605.325693012879,1605.325693012879
cat__locality_Mahalaxmi,1589.109204667751,1589.109204667751
cat__locality_Vasai,-1348.3362831476586,1348.3362831476586
cat__locality_Kandivali,-1295.9453470037868,1295.9453470037868
cat__locality_Jogeshwari,1144.4007318152917,1144.4007318152917
cat__locality_Naigaon,1050.9325202480281,1050.9325202480281
cat__locality_Belapur,-976.6103119693678,976.6103119693678
cat__locality_Ghansoli,-940.030266089654,940.030266089654
num__total_floors,-912.8128101200157,912.8128101200157
cat__locality_Sewri,903.987637817217,903.987637817217
cat__locality_Vikroli,812.4331881554349,812.4331881554349
cat__locality_Agripada,812.4104954061312,812.4104954061312
cat__locality_Parel,645.1983452105214,645.1983452105214
cat__locality_Dombivali,638.9677460647479,638.9677460647479
cat__locality_Neral,609.1707296052728,609.1707296052728
cat__locality_Virar,-607.996786006366,607.996786006366
cat__locality_Ulhasnagar,-520.6748325213473,520.6748325213473
cat__locality_Bhayandar,391.39015341161803,391.39015341161803
cat__locality_Kamothe,-375.50023558608063,375.50023558608063
cat__locality_Tardeo,-354.07862312033626,354.07862312033626
cat__locality_Dahisar,346.3907351034213,346.3907351034213
cat__locality_Karjat,330.19673416128666,330.19673416128666
cat__locality_Nahur,-308.8728591542522,308.8728591542522
cat__locality_Dronagiri,294.0753234733957,294.0753234733957
cat__locality_Palghar,-249.00408270404645,249.00408270404645
cat__locality_Karanjade,237.31731298512332,237.31731298512332
cat__locality_Ambernath,185.4935596962143,185.4935596962143
cat__locality_Hiranandani Estates,-178.9656752287933,178.9656752287933
cat__locality_Shil Phata,152.00988905121216,152.00988905121216
cat__locality_Taloje,127.65313632465384,127.65313632465384
cat__locality_Boisar,124.10296672476363,124.10296672476363
cat__property_type_Independent Floor,-115.83754010828386,115.83754010828386
cat__locality_Kasaradavali Thane,115.29380674863077,115.29380674863077
cat__locality_Dombivli,-81.96797814448024,81.96797814448024
cat__age_group_Very Old,-78.82225637833976,78.82225637833976
cat__locality_Kalamboli,41.85055282431827,41.85055282431827
cat__locality_Nala Sopara,41.73435413605892,41.73435413605892
cat__locality_Khopoli,-41.34231552284089,41.34231552284089
cat__locality_Nalasopara,22.213316138214665,22.213316138214665
cat__locality_Titwala,-16.33000372629433,16.33000372629433
cat__locality_Airoli,16.21654969826969,16.21654969826969
cat__locality_Thakurli,15.866718561898798,15.866718561898798
cat__locality_Anjurdive,-6.182449467442599,6.182449467442599
cat__locality_Badlapur,-1.164278139079825,1.164278139079825
cat__property_type_infrequent_sklearn,1.0083697729415446,1.0083697729415446
