locality,listing_count,average_price,median_price,average_price_per_sqft,average_latitude,average_longitude
Thane,5292,15752729.560090702,12600000.0,15598.323459036803,19.23708281243197,72.99936071115646
Mira Road,3162,8756489.200189753,7900000.0,11339.03422182706,19.29001103525933,72.88335717229918
Andheri,2039,32177026.513487004,22863570.0,27220.837745870533,19.16867663181626,72.90810199405131
Kandivali,2039,18968270.140755273,16000000.0,21087.237542490107,19.231630699226567,72.88501433612629
Kharghar,1904,13944158.674894959,12131200.0,11417.045882866321,19.078846968482143,73.09218684765757
Dombivali,1872,6019099.077991453,5370000.0,8231.36530895969,19.209208956949787,73.10487369415598
Kalyan,1738,6488893.773302646,5250000.0,7660.30662863341,19.248939356323362,73.1488007962946
Borivali,1678,21028985.29261025,17481845.0,23526.606611327687,19.22727684715488,72.85663530287769
Chembur,1591,23728073.331238214,18803016.0,23907.272462707413,19.07305155269035,72.91667985892165
Malad,1522,19380559.951379765,16899777.5,20924.351756162094,19.1968458151079,72.87753531854415
Mulund,1446,22167469.194329184,19600000.0,22316.229367274405,19.184381309049833,72.94781784332476
Goregaon,1287,22048793.246309247,18000000.0,21589.90341884719,19.163561735643725,72.85755294346588
Panvel,1227,9415466.048899755,7900000.0,10521.70068656449,18.97584352759576,73.14137998088835
Ulwe,1140,8630548.6,7500000.0,9341.737825680779,18.97864275432456,73.04698372546491
Ambernath,981,3376406.0774719673,3100000.0,4667.573476922165,19.221857771029562,73.21638621784913
Powai,917,33571450.91384951,27000000.0,27523.33262869081,19.121380937395493,72.92115816514695
Ghatkopar,906,19610575.32339956,16037361.0,23575.435070490992,19.08744652562018,72.91338720045371
Vikhroli,900,15292905.892222222,11000000.0,20730.162042486412,19.10518475467747,72.93368330077891
Virar,771,4607453.2516212715,4020240.0,6897.704144015732,19.468647859403372,72.79930875802853
Vasai,752,6192469.578457447,5000000.0,7576.557939383811,19.384946117486702,72.83532681363032
Kanjurmarg,731,19156875.08618331,17139162.0,23316.39840853681,19.13268496515797,72.93284753371103
Bandra,708,65745892.629943505,54694960.0,43222.40293570508,19.060123838466193,72.84334732096096
Naigaon,688,4367745.165697674,3850000.0,6331.073864983126,19.36546715786337,72.85950771574127
Bhandup,673,12984858.19167905,11000000.0,17366.505914438385,19.15715770838764,72.9583855560151
Taloja,617,4863736.424635332,4500000.0,6997.9727046213275,19.076839236709887,73.10266283930308
Wadala,617,34636142.384116694,29000000.0,31165.220744098708,19.289465346810463,72.86876263476168
Koper Khairane,536,14245791.509328358,13500000.0,13636.335358680482,19.094329776268655,73.05224884139925
Jogeshwari,534,16639818.730337078,14552313.0,22275.449141657446,19.161339568317317,72.855855084001
Kurla,531,14121871.517890772,11700000.0,20216.602689107684,19.06898471192435,72.88797247316852
Santacruz,527,41941260.22580645,27900000.0,32075.648895193197,19.0975030684752,72.85769850560051
Sion,489,31370674.44580777,24000000.0,30846.85070393615,19.041199840798175,72.86957687008713
Kamothe,471,8298808.81104034,8200000.0,8955.682931924095,19.01270290770701,73.10764968745222
Byculla,471,54547664.67940552,48000000.0,39999.40677990841,18.978367928917816,72.83638453726648
Badlapur,471,2978721.3588110404,2600000.0,4186.400174617419,19.192935113121017,73.28983868912951
Ghansoli,455,16503468.057142857,16000000.0,14749.80687789557,19.14291113134066,73.00842384087913
Dahisar,453,13417642.05960265,11000000.0,18513.077199289473,19.259513169288574,72.8627995816254
Bhayandar,411,8421124.785888078,7565000.0,10632.19330289477,19.293216198540147,72.86562065257907
Bhiwandi,365,5423412.668493151,4700000.0,7252.336331747508,19.306221279671234,73.10576696416437
Nerul,351,28457036.683760684,22200000.0,20630.392510652335,19.05546006860399,73.01589498492878
Lower Parel,349,80910116.76217765,67064600.0,47436.605819829725,19.012743853173067,72.82693241608023
Nala Sopara,342,3760640.8859649124,3415400.0,6755.702069765638,19.433184182748537,72.8142673645614
Neral,341,3201303.3782991203,2425500.0,4003.6202032128163,19.026038744076246,73.31667580607038
Seawoods,338,27530344.171597634,25000000.0,20554.188618545173,19.01414398310651,73.01805419464496
Dadar,336,43904604.02380952,35000000.0,40464.151797793194,19.01977945444058,72.84442625653632
Ville Parle,331,34689733.8429003,28500000.0,32552.878875146285,19.21681285918429,72.89975895166162
Parel,277,47322196.24548736,39900000.0,38147.492765819334,19.06759116340755,72.92653043257492
Karjat,268,8992894.656716418,6500055.5,4689.421002233532,18.911994294328355,73.33674538876866
Matunga,260,50402287.015384614,41100000.0,42537.62150221552,19.02834159877965,72.85656974412127
Vashi,248,24497726.56451613,22250000.0,19091.33277274526,19.119550835362904,73.01583557745968
Airoli,240,13415897.316666666,13000000.0,13772.108754954168,19.15494375295833,72.99497420070834
Dombivli,235,5211226.961702128,4700000.0,7248.822045724263,19.223676679404253,73.08136259225532
Prabhadevi,208,89572430.82692307,65000000.0,51853.29320118239,19.071229487742052,72.84864663453226
Worli,188,130346638.55851063,82082429.5,51566.33395696514,19.00514783795452,72.82371245606762
Sanpada,183,25722713.786885247,18900000.0,19980.649607546482,19.059413889344263,73.00963775983607
Juhu,179,128343346.16201118,100000000.0,51350.437902077305,19.107591114258973,72.8311607578813
Mahim,170,37343105.38823529,33750000.0,40870.77627249172,19.052072776733674,72.84084621414324
Kalamboli,166,8002448.656626506,7850000.0,8336.067507034653,19.001711730903615,73.13798035734939
Mahalaxmi,165,87165367.97575757,75000000.0,49787.34059132229,18.983916076222165,72.82399951739036
Kalwa,164,8859017.371951219,8280500.0,11109.184530119124,19.20464421664634,73.00508517670731
Shil Phata,150,5434225.846666667,5005000.0,8222.727142832613,19.1789983002,73.08160751426666
Khar,136,82287742.64705883,60732650.0,46716.150527067075,19.07105833352941,72.83847903595587
Titwala,134,3310102.537313433,3075000.0,4567.75731446728,19.39582824574627,73.27315971134328
Vile Parle,126,79028703.28571428,75000000.0,44538.11885312854,19.110993261685724,72.8392201322898
Karanjade,123,5056663.772357724,4400000.0,8515.935340588572,18.98069186308943,73.10329387577235
Deonar,116,38142948.72413793,29000000.0,28333.41820000938,19.050977254486014,72.9157354750053
Palghar,108,2566086.777777778,2200000.0,5340.647797717862,19.672702154444444,72.77741877231482
Boisar,107,3106174.2056074766,2400000.0,4012.488586581317,19.84291055280374,73.05450040084112
Belapur,92,21172898.68478261,19750000.0,15537.468867881107,19.016558419130433,73.03565050304348
Nalasopara,90,4101430.222222222,3325000.0,5673.127798456964,19.41767516422222,72.80324291722222
Kasaradavali Thane,85,6862294.011764706,6190000.0,9269.123803098983,19.26853191117647,72.96916907929412
Vikroli,84,9767371.42857143,9000000.0,17773.09170337361,19.102749120238094,72.93770108869047
Girgaon,84,35631051.27380952,24533460.0,36029.715181762855,18.95580183095238,72.82424832369048
Anjurdive,77,7521017.324675324,7500000.0,10068.375656958391,19.231419823246753,73.03958427428572
Tardeo,76,130205779.80263157,90000000.0,59293.4293080833,18.968450447263432,72.81190097080133
Taloje,75,4471794.666666667,4200000.0,5828.965555656634,19.076631673199998,73.10920410279999
Dronagiri,68,6091055.882352941,6000000.0,8453.442632485921,18.901455851617648,73.1570135
Thakurli,63,5810388.968253968,5300000.0,7241.517374869558,19.22274510952381,73.0997710452381
Sewri,61,40265319.26229508,33090200.0,33580.866077893,18.993948593278688,72.84958477508196
Hiranandani Estates,54,20328550.296296295,14000000.0,17333.10639983025,19.255629432962966,72.97863967574074
Nahur,48,20127886.520833332,19850000.0,18995.744444201835,19.162355903958332,72.94900610083333
Colaba,46,127557024.63043478,46000000.0,52237.309777301845,18.91921122347826,72.82679101695652
Ulhasnagar,46,7579848.695652174,7200000.0,7371.462483588626,19.293502974130433,73.19527103652175
Khopoli,44,6035955.409090909,3900000.0,5777.111529493924,18.796886442727274,73.30184953818183
Agripada,40,38546322.5,28000000.0,28420.67429406157,19.02641387,72.84073104950001
Malabar Hill,36,281158008.5,122500000.0,76152.10025283016,18.954403739722224,72.80103996151165
Marine Lines,33,143704003.9090909,75000000.0,47882.01329825488,18.94520505363636,72.82625383757576
Mazagaon,32,26936171.875,22750000.0,26700.927256370025,18.9683606609375,72.8387250890625
