locality,listing_count,average_price,median_price,average_price_per_sqft,average_predicted_price
Agripada,40,38546322.5,28000000.0,28420.67429406157,41000532.411408186
Airoli,240,13415897.316666666,13000000.0,13772.108754954168,13625295.761156868
Ambernath,981,3376406.0774719673,3100000.0,4667.573476922165,3399101.691623706
Andheri,2039,32177026.513487004,22863570.0,27220.837745870533,32821244.10255557
Anjurdive,77,7521017.324675324,7500000.0,10068.375656958391,7694392.115584329
Badlapur,471,2978721.3588110404,2600000.0,4186.400174617419,3005349.118784821
Bandra,708,65745892.629943505,54694960.0,43222.40293570508,65985011.36251134
Belapur,92,21172898.68478261,19750000.0,15537.468867881107,20792177.51400057
Bhandup,673,12984858.19167905,11000000.0,17366.505914438385,13173514.687867155
Bhayandar,411,8421124.785888078,7565000.0,10632.19330289477,8493645.01869699
Bhiwandi,365,5423412.668493151,4700000.0,7252.336331747508,5567869.998772273
Boisar,107,3106174.2056074766,2400000.0,4012.488586581317,6977317.00034098
Borivali,1678,21028985.29261025,17481845.0,23526.606611327687,21080835.662933312
Byculla,471,54547664.67940552,48000000.0,39999.40677990841,54902304.07208249
Chembur,1591,23728073.331238214,18803016.0,23907.272462707413,23852232.786611445
Colaba,46,127557024.63043478,46000000.0,52237.309777301845,121565810.58966678
Dadar,336,43904604.02380952,35000000.0,40464.151797793194,44126846.736603074
Dahisar,453,13417642.05960265,11000000.0,18513.077199289473,13290334.573019952
Deonar,116,38142948.72413793,29000000.0,28333.41820000938,37972414.65404135
Dombivali,1872,6019099.077991453,5370000.0,8231.36530895969,6048254.039788401
Dombivli,235,5211226.961702128,4700000.0,7248.822045724263,5242197.63570459
Dronagiri,68,6091055.882352941,6000000.0,8453.442632485921,6475843.992418526
Ghansoli,455,16503468.057142857,16000000.0,14749.80687789557,16569963.270092819
Ghatkopar,906,19610575.32339956,16037361.0,23575.435070490992,19999733.40646011
Girgaon,84,35631051.27380952,24533460.0,36029.715181762855,38278743.8767187
Goregaon,1287,22048793.246309247,18000000.0,21589.90341884719,21887626.549172398
Hiranandani Estates,54,20328550.296296295,14000000.0,17333.10639983025,19303137.489199594
Jogeshwari,534,16639818.730337078,14552313.0,22275.449141657446,16910762.054183196
Juhu,179,128343346.16201118,100000000.0,51350.437902077305,126055802.45222811
Kalamboli,166,8002448.656626506,7850000.0,8336.067507034653,8046217.509272212
Kalwa,164,8859017.371951219,8280500.0,11109.184530119124,9086721.39329763
Kalyan,1738,6488893.773302646,5250000.0,7660.30662863341,6502867.707327047
Kamothe,471,8298808.81104034,8200000.0,8955.682931924095,8334814.669153711
Kandivali,2039,18968270.140755273,16000000.0,21087.237542490107,18998746.97630592
Kanjurmarg,731,19156875.08618331,17139162.0,23316.39840853681,19397397.609607104
Karanjade,123,5056663.772357724,4400000.0,8515.935340588572,5229989.409438099
Karjat,268,8992894.656716418,6500055.5,4689.421002233532,9431890.082296038
Kasaradavali Thane,85,6862294.011764706,6190000.0,9269.123803098983,7055477.102806249
Khar,136,82287742.64705883,60732650.0,46716.150527067075,83029960.57457756
Kharghar,1904,13944158.674894959,12131200.0,11417.045882866321,13938973.72964918
Khopoli,44,6035955.409090909,3900000.0,5777.111529493924,6027122.713362431
Koper Khairane,536,14245791.509328358,13500000.0,13636.335358680482,14552281.368069591
Kurla,531,14121871.517890772,11700000.0,20216.602689107684,14396590.274453986
Lower Parel,349,80910116.76217765,67064600.0,47436.605819829725,82780960.27255185
Mahalaxmi,165,87165367.97575757,75000000.0,49787.34059132229,89133619.57575996
Mahim,170,37343105.38823529,33750000.0,40870.77627249172,37293521.5790138
Malabar Hill,36,281158008.5,122500000.0,76152.10025283016,264166569.59435648
Malad,1522,19380559.951379765,16899777.5,20924.351756162094,19662600.60049699
Marine Lines,33,143704003.9090909,75000000.0,47882.01329825488,148150671.64000434
Matunga,260,50402287.015384614,41100000.0,42537.62150221552,49674512.76859794
Mazagaon,32,26936171.875,22750000.0,26700.927256370025,28728604.303305067
Mira Road,3162,8756489.200189753,7900000.0,11339.03422182706,8826552.693889504
Mulund,1446,22167469.194329184,19600000.0,22316.229367274405,22153031.3590218
Nahur,48,20127886.520833332,19850000.0,18995.744444201835,20228231.17681021
Naigaon,688,4367745.165697674,3850000.0,6331.073864983126,4411541.2218756685
Nala Sopara,342,3760640.8859649124,3415400.0,6755.702069765638,3779601.8495556884
Nalasopara,90,4101430.222222222,3325000.0,5673.127798456964,4290574.421058652
Neral,341,3201303.3782991203,2425500.0,4003.6202032128163,3217296.74558312
Nerul,351,28457036.683760684,22200000.0,20630.392510652335,28340373.217270434
Palghar,108,2566086.777777778,2200000.0,5340.647797717862,2572281.1426048605
Panvel,1227,9415466.048899755,7900000.0,10521.70068656449,9389314.346402582
Parel,277,47322196.24548736,39900000.0,38147.492765819334,47893010.74862889
Powai,917,33571450.91384951,27000000.0,27523.33262869081,33088065.254476916
Prabhadevi,208,89572430.82692307,65000000.0,51853.29320118239,88586111.1205009
Sanpada,183,25722713.786885247,18900000.0,19980.649607546482,25207001.190131187
Santacruz,527,41941260.22580645,27900000.0,32075.648895193197,42152432.33932028
Seawoods,338,27530344.171597634,25000000.0,20554.188618545173,27229077.159888837
Sewri,61,40265319.26229508,33090200.0,33580.866077893,41978688.53517296
Shil Phata,150,5434225.846666667,5005000.0,8222.727142832613,5530626.266361665
Sion,489,31370674.44580777,24000000.0,30846.85070393615,31237419.760318834
Taloja,617,4863736.424635332,4500000.0,6997.9727046213275,4903918.537463852
Taloje,75,4471794.666666667,4200000.0,5828.965555656634,4552619.745906653
Tardeo,76,130205779.80263157,90000000.0,59293.4293080833,132805183.09738089
Thakurli,63,5810388.968253968,5300000.0,7241.517374869558,5708068.876302531
Thane,5292,15752729.560090702,12600000.0,15598.323459036803,15763233.58622766
Titwala,134,3310102.537313433,3075000.0,4567.75731446728,3344542.1466898173
Ulhasnagar,46,7579848.695652174,7200000.0,7371.462483588626,7290889.591151363
Ulwe,1140,8630548.6,7500000.0,9341.737825680779,8782555.576698009
Vasai,752,6192469.578457447,5000000.0,7576.557939383811,6424156.478296295
Vashi,248,24497726.56451613,22250000.0,19091.33277274526,24492215.01501322
Vikhroli,900,15292905.892222222,11000000.0,20730.162042486412,15259609.548118638
Vikroli,84,9767371.42857143,9000000.0,17773.09170337361,10219325.617872972
Vile Parle,126,79028703.28571428,75000000.0,44538.11885312854,80017676.60513727
Ville Parle,331,34689733.8429003,28500000.0,32552.878875146285,34645908.097843826
Virar,771,4607453.2516212715,4020240.0,6897.704144015732,4620098.342443421
Wadala,617,34636142.384116694,29000000.0,31165.220744098708,34529527.04415481
Worli,188,130346638.55851063,82082429.5,51566.33395696514,129981909.89263056
