locality,property_count,average_price,median_price,average_price_per_sqft,average_predicted_price,average_predicted_price_per_sqft,average_latitude,average_longitude,ppsf_category
Acc Cement Road,1,10000000.0,10000000.0,15037.593984962406,9380264.982267212,14105.661627469492,19.18045616,72.9584198,Medium Price
Adarsh Nagar,2,106093750.0,106093750.0,72716.34615384616,98852113.12,67756.82978480817,19.014942,72.821365,Very High Price
Additional M.I.D.C,2,3400000.0,3400000.0,4236.9551872314305,3374728.8402430904,4178.170401107487,19.187176705,73.19149399,Lower Price
Adharwadi,2,3173000.0,3173000.0,7277.669902912621,3223261.2109999997,7256.768294409385,19.25243378,73.12596893,Lower Price
Agasan Village,2,30850000.0,30850000.0,31148.28431372549,26180368.76020654,26489.17247654085,19.046006204999998,72.94380188,Very High Price
Agripada,40,38546322.5,28000000.0,28420.67429406157,41000532.411408186,30368.456608079792,19.02641387,72.84073104950001,High Price
Airoli,240,13415897.316666666,13000000.0,13772.108754954168,13625295.761156868,13880.010541370228,19.15494375295833,72.99497420070834,Medium Price
Altamount Road,1,210000000.0,210000000.0,77777.77777777778,234197139.51,86739.6813,18.96517944,72.80948639,Very High Price
Ambarnath,27,2983333.3333333335,2800000.0,4193.952931353577,3064535.606033602,4274.998733997911,19.204629615925928,73.19624978407407,Lower Price
Ambernath,975,3380517.2943589743,3100000.0,4676.487401009496,3401939.377155065,4699.771403572801,19.197421540635897,73.19020205008205,Lower Price
Ambivali,7,12933314.285714285,4650000.0,15967.94434026208,12362802.281184372,15306.64743705212,19.194429215714283,73.12199035857144,Medium Price
Ambivli,7,3462942.5714285714,3939000.0,5149.467643746742,3294612.519892473,5012.183452672463,19.26741028,73.17338562,Lower Price
Amboli,1,14000000.0,14000000.0,25454.545454545456,13381144.330754535,24329.35332864461,19.12812805,72.84152222,High Price
Anand Nagar,2,29029000.0,29029000.0,32000.0,31204383.36,34342.14810722541,19.083258,72.847343,Very High Price
"Anand Nagar,Dahisar",2,9301660.0,9301660.0,20221.0,9145781.211955128,19918.817950274788,19.262087955334,72.861868999753,High Price
Andheri,2026,32255084.432872657,22831785.0,27326.998357248794,32924984.280921802,27657.68638552668,19.127178601773622,72.84867405930929,High Price
Anjurdive,77,7521017.324675324,7500000.0,10068.375656958391,7694392.115584329,10176.96529729944,19.231419823246753,73.03958427428572,Medium Price
Antarli,4,9625000.0,9250000.0,7023.042800400905,9542722.612954546,7009.681420037863,19.1619386675,73.11545181,Lower Price
Antop Hill,4,8800000.0,8200000.0,20644.485193691766,9903494.629172131,23451.340875176727,19.0286922475,72.8656272875,High Price
Anushakti Nagar,3,9500000.0,10900000.0,11323.068849390003,13766289.610377403,16318.363974100705,19.03810692,72.92324829,Medium Price
Arya Nagar,1,92500000.0,92500000.0,61666.66666666666,90833557.865,60555.70524333333,18.97667694,72.81190491,Very High Price
Asalpha,2,10850000.0,10850000.0,17397.435897435895,11784698.393563602,18895.695988058542,19.096375465,72.894073485,Medium Price
Asangaon,6,2081000.0,2155000.0,4282.393597525871,1999359.1632466863,4084.749523241828,19.437846185,73.30422592333333,Lower Price
Ashok Nagar,2,13000000.0,13000000.0,20846.153846153844,12815292.74947721,20540.407834069596,19.20413971,72.90152359000001,High Price
Atgaon,1,1330000.0,1330000.0,2660.0,1684154.42,3368.30884,19.50329399,73.33570862,Lower Price
Babhai,1,13000000.0,13000000.0,23636.36363636364,13836244.878536765,25156.80887006684,19.22635841,72.84619904,High Price
Badlapur,467,2954181.498929336,2600000.0,4174.745876552607,2972486.246440366,4155.312868931029,19.160756210877945,73.23871321695931,Lower Price
Balkum,4,12600000.0,11800000.0,12975.986146535797,15457436.66258822,15454.259100683608,19.21784973,72.98886871,Medium Price
Bandra,708,65745892.629943505,54694960.0,43222.40293570508,65985011.36251134,43150.27494689086,19.060123838466193,72.84334732096096,Very High Price
Bandra Kurla Complex,25,141413702.44,45000000.0,41768.43946319663,123355711.30251351,38539.47171007804,19.0653010456,72.8573662044,Very High Price
Bandstand,1,130000000.0,130000000.0,96296.29629629628,107340000.0,79511.11111111111,19.04828072,72.82025146,Very High Price
Battipada,2,18500000.0,18500000.0,24634.54972257789,19349365.234850515,25772.80028073288,19.150182,72.93759,High Price
Bdd Chawls Worli,1,5500000.0,5500000.0,15942.028985507246,6511031.02,18872.553681159417,19.00244713,72.81948853,Medium Price
Belapur,92,21172898.68478261,19750000.0,15537.468867881107,20792177.51400057,15452.171643985144,19.016558419130433,73.03565050304348,Medium Price
Beturkar Pada,1,3900000.0,3900000.0,6141.732283464567,4115935.140046412,6481.787622120334,19.24827385,73.12705994,Lower Price
Beverly Park,1,6800000.0,6800000.0,11623.931623931623,7684960.356640906,13136.684370326337,19.29388237,72.87149048,Medium Price
Bhakti Park Wadala,1,18000000.0,18000000.0,19354.83870967742,22588441.096666664,24288.64634050179,19.0292244,72.87960815,Medium Price
Bhandup,672,12991532.08779762,11000000.0,17381.145377798028,13181663.221628862,17594.268870269578,19.15219439527512,72.93546317084548,Medium Price
Bhayandar,411,8421124.785888078,7565000.0,10632.19330289477,8493645.01869699,10641.81541352168,19.293216198540147,72.86562065257907,Medium Price
Bhiwandi,363,5401503.096418733,4700000.0,7260.716458734646,5546325.364467988,7414.593237960101,19.267975693856748,73.06547708112947,Lower Price
Bhuleshwar,1,29500000.0,29500000.0,24583.33333333333,37498252.24333333,31248.54353611111,18.95678139,72.82685852,High Price
Bkc Bandra,1,12500000.0,12500000.0,19531.25,12220344.24163547,19094.28787755542,19.06878853,72.87026215,Medium Price
Boisar,105,3067148.9523809524,2400000.0,3993.563104632601,7021962.525917459,4606.240773662155,19.789910361904763,72.7621161317143,Lower Price
Bolinj,1,3200000.0,3200000.0,6400.0,2983500.0,5967.0,19.44286537,72.7939682,Lower Price
Bolinj Naka,3,2350000.0,2500000.0,5144.444444444444,2498498.3066666666,5469.166184444445,19.44454193,72.79416656,Lower Price
Bopele,1,5000000.0,5000000.0,6666.666666666667,5010006.76730833,6680.009023077773,19.22567177,73.10028076,Lower Price
Borivali,1675,21005903.684179105,17463690.0,23541.602934423983,21067590.89463409,23615.74062429536,19.22848554659456,72.85496599457836,High Price
Borivali Old Mhb Colony,1,15000000.0,15000000.0,16666.666666666668,20367002.08016464,22630.00231129404,19.23300171,72.83899689,Medium Price
Breach Candy,2,137500000.0,137500000.0,77619.04761904762,117862917.83,66855.26706190477,18.97393608,72.80551147,Very High Price
Byculla,471,54547664.67940552,48000000.0,39999.40677990841,54902304.07208249,40235.17758129492,18.978367928917816,72.83638453726648,Very High Price
Cbd Belapur,1,6000000.0,6000000.0,8633.093525179856,5481451.111296296,7886.980016253663,19.02348518,73.0384903,Lower Price
Century Mills,1,3600000.0,3600000.0,12000.0,4937499.716666667,16458.332388888888,19.00808907,72.8262558,Medium Price
Chakala,2,28860000.0,28860000.0,30000.0,32002827.880135417,33196.89688643541,19.09626,72.85638,Very High Price
Chandivali,11,20826680.545454547,20478783.0,30363.70706093167,20512134.84710001,29994.89850098372,19.109848460609182,72.89571405827073,Very High Price
Charkop,13,14933052.923076924,13566500.0,23130.85856275575,15247659.140586596,23582.669885711362,19.209569479803076,72.81653402520577,High Price
Charkop Sector 8,1,13500000.0,13500000.0,15000.0,14104681.151709955,15671.867946344397,19.21609688,72.81476593,Medium Price
Charni Road,3,148555398.33333334,189724373.0,57266.36016602351,146444954.32333335,57089.39624824354,18.9554373,72.82012749,Very High Price
Chedda Nagar,3,8318518.333333333,6355555.0,15052.848115864885,10986800.874341307,20480.820049697944,19.065157573333334,72.9034551,Medium Price
Chembur,1586,23783205.970996216,18899999.5,23967.56602858682,23908568.425855707,24021.788955826694,19.05506069508219,72.89757032447942,High Price
Chikan Ghar,2,6200000.0,6200000.0,7495.2686718485975,6185521.666666666,7490.3500281626675,19.24605751,73.14213562,Lower Price
Chinchodyacha Pada,3,5166666.666666667,5500000.0,7609.001406469761,4973953.384159743,7396.914939469762,19.227642693333333,73.08955129333333,Lower Price
Chincholi Bunder,4,40023833.0,37660424.0,31328.30039885576,38947307.67752303,30337.57194971502,19.178841597142,72.842839637035,Very High Price
Chinchpada,1,1200000.0,1200000.0,3428.5714285714284,1331355.2966666666,3803.872276190476,19.21027184,73.13768005,Lower Price
Chinchpada Gaon,2,1387500.0,1387500.0,2967.1481826654244,1684589.94,3552.710695246971,19.211878775000002,73.137756345,Lower Price
Chinchpokli,24,32352322.5,30600000.0,33791.26251647258,35679135.60748275,36202.79873124761,18.9835405375,72.83414554416667,Very High Price
Churchgate,5,506890406.2,491191644.0,98918.28146581809,489056543.9465,95290.81823086875,18.93288994,72.82569885,Very High Price
Colaba,46,127557024.63043478,46000000.0,52237.309777301845,121565810.58966678,49836.85421527925,18.91921122347826,72.82679101695652,Very High Price
Crawford Market,1,13000000.0,13000000.0,17333.333333333332,19713153.275757574,26284.204367676764,18.94639015,72.83496857,Medium Price
Cuffe Parade,16,133624988.125,75000000.0,57465.6346892242,120697899.9025625,54389.67280981186,18.915684461250002,72.822000025,Very High Price
Cumballa Hill,25,95640000.0,85000000.0,64245.9346224937,95054167.2292,63514.778245470225,18.970361478,72.80577240000001,Very High Price
Dadar,335,44019244.63283582,35000000.0,40558.45980990023,44244393.13557801,40602.676580781,19.021313823229956,72.8415949230633,Very High Price
Dahanu,1,1100000.0,1100000.0,2029.520295202952,1828202.77,3373.067841328413,19.98263931,72.73715973,Lower Price
Dahisar,452,13430736.400442477,11000000.0,18539.52027959899,13304416.992716897,18645.56819655225,19.25122526112328,72.86346993647412,Medium Price
Damat,1,1249999.0,1249999.0,3164.554430379747,1554138.8835,3934.5288189873418,19.04808807,73.31323242,Lower Price
Dattapada,1,14300000.0,14300000.0,20000.0,16196550.424610691,22652.51807637859,19.22208977,72.85634613,High Price
Deonar,116,38142948.72413793,29000000.0,28333.41820000938,37972414.65404135,28273.554868707983,19.050977254486014,72.9157354750053,High Price
Desale Pada,8,2181250.0,1750000.0,4146.477151252194,2462233.8334149774,4509.839478341089,19.18860817,73.08370972,Lower Price
Devad,1,2200000.0,2200000.0,3142.8571428571427,2857820.0,4082.6,18.99215508,73.13357544,Lower Price
Dharavi,1,6500000.0,6500000.0,21666.666666666668,6836534.673751813,22788.448912506046,19.04567528,72.85653687,High Price
Dighe,1,16500000.0,16500000.0,16019.417475728156,15844489.651480626,15382.999661631677,19.17967796,73.00621796,Medium Price
Dindoshi,3,24050795.333333332,26352386.0,25797.31135043466,24595194.266134575,26389.252388706693,19.175742,72.86154,High Price
Diva,19,3306684.210526316,3250000.0,6169.022947923899,3045122.979308519,5812.226918177342,19.183707588947367,73.04446290684211,Lower Price
Diva Gaon,12,3457083.3333333335,3200000.0,5546.1391784948755,3555388.8791222773,5724.004473276714,19.173126855833335,73.044438045,Lower Price
Dn Nagar,2,37252590.5,37252590.5,46092.952406015036,32214815.281009033,40181.2170218181,19.126324,72.832478,Very High Price
Dockyard Road,1,12500000.0,12500000.0,23809.52380952381,12182145.937823242,23204.087500615697,18.9684391,72.84338379,High Price
Dombivali,1869,6022477.193151418,5390920.0,8239.683141517862,6049790.80361978,8272.56621488995,19.197333793376135,73.09209996917069,Lower Price
Dombivli,235,5211226.961702128,4700000.0,7248.822045724263,5242197.63570459,7292.8963456531355,19.223676679404253,73.08136259225532,Lower Price
Dronagiri,67,6117788.059701492,6000000.0,8515.434313567801,6511960.79695485,8901.11759941775,18.880356575522388,72.96708269223882,Lower Price
Eksar,3,33295056.0,27426666.0,39945.41824998081,30164504.099386867,35633.243109078336,19.2384238,72.8540753,Very High Price
Ekta Nagar,2,5150000.0,5150000.0,12560.975609756097,5164118.4,12595.410731707318,19.20195007,72.82950592,Medium Price
Ern Express Highway Vikhroli,1,14000000.0,14000000.0,14000.0,14634295.51282051,14634.29551282051,19.10595703,72.93125153,Medium Price
Evershine Nagar,5,41536984.2,36500000.0,31796.574564865965,46348958.114968516,33935.782319597216,19.1936554,72.83267716,Very High Price
Fort,26,27565656.192307692,27239786.0,36095.37131599768,27383995.715122204,35785.26378303948,18.93796664192308,72.83592048,Very High Price
Gamdevi,3,91333333.33333333,69000000.0,69457.11771474988,84532768.52666666,64473.684269855265,18.95853043,72.81216431,Very High Price
Gawand Baug,1,27500000.0,27500000.0,14030.61224489796,29363265.703333333,14981.258011904762,19.22589684,72.96008301,Medium Price
Ghansoli,454,16531008.735682819,16000000.0,14775.769089161942,16596607.256737664,14828.84276076218,19.12220009627753,72.99880463856829,Medium Price
Ghansoli Gaon,2,2150000.0,2150000.0,3909.090909090909,2862830.5743910465,5205.146498892812,19.12616158,72.99758911,Lower Price
Ghati Pada,2,22611206.0,22611206.0,24993.058091889,24671976.507279105,27402.942785562096,19.1843947,72.9405806,High Price
Ghatkopar,905,19622852.202209946,16049943.0,23595.378470571755,20012608.870997638,23800.96435445676,19.083449570477217,72.91016040061994,High Price
Ghodbunder Road,2,63000000.0,63000000.0,12600.0,85034621.81,17006.924361999998,19.27909374,72.93085861,Medium Price
Ghodbunder Thane,1,9000000.0,9000000.0,10344.827586206897,8699144.953125002,9999.0171875,19.28680038,72.89315033,Medium Price
Girgaon,84,35631051.27380952,24533460.0,36029.715181762855,38278743.8767187,37847.26340905939,18.95580183095238,72.82424832369048,Very High Price
Gokuldham Colony,2,24000000.0,24000000.0,22876.414547938697,28922098.950614236,27935.835406493443,19.175911,72.866048,High Price
Gorai 1,1,9500000.0,9500000.0,17272.727272727272,9682216.346358348,17604.029720651542,19.2254982,72.83313751,Medium Price
Gorai 2,1,8500000.0,8500000.0,11333.333333333334,11949465.240382254,15932.620320509672,19.11169052,72.92162323,Medium Price
Goregaon,1286,22051552.805598754,18000000.0,21600.697796829707,21889490.32681561,21414.74810009916,19.16076391839306,72.85516652213109,High Price
Govandi,11,12453272.727272727,10300000.0,20135.088699182208,13460445.579078702,22096.812339817563,19.053353229727453,72.91718974507346,High Price
Grant Road,4,41000000.0,43000000.0,37574.84533313112,44436241.044803716,41008.90505020883,18.9605317075,72.82004356750001,Very High Price
Greater Khanda,12,8466666.583333334,6900000.0,8559.70036778064,8412826.807568038,8392.317586284056,19.008948645,73.10419337166667,Lower Price
Haji Malang Road Kalyan E,2,1800000.0,1800000.0,3750.0,1974490.25,4096.3464772727275,19.21962547,73.12590027,Lower Price
Haranwali,1,1250000.0,1250000.0,2272.7272727272725,1578509.74,2870.017709090909,19.65778732,72.76217651,Lower Price
Hariyali,6,10528421.5,10638264.5,21492.543187469037,10836387.298203057,22078.035230429236,19.106150359374997,72.93364378572534,High Price
Haware City,1,2500000.0,2500000.0,7142.857142857143,3262253.389047619,9320.723968707483,19.2609787,72.95996094,Lower Price
Hendre Pada,7,2478571.4285714286,2500000.0,4179.545640617282,2378282.5897044414,3985.687544588009,19.17045593142857,73.25101361857142,Lower Price
Hiranandani Estates,54,20328550.296296295,14000000.0,17333.10639983025,19303137.489199594,16621.52292673117,19.255629432962966,72.97863967574074,Medium Price
Hiranandani Gardens Powai,4,56309924.25,57631703.0,52777.50283860526,54831279.87427548,49698.7473268249,19.116551400000002,72.911847025,Very High Price
Hiranandani Meadows,1,32500000.0,32500000.0,18571.42857142857,32022000.0,18298.285714285717,19.25468063,72.98200226,Medium Price
Irani Wadi,1,10700000.0,10700000.0,17833.333333333332,12525335.199807296,20875.558666345496,19.20182228,72.83885956,Medium Price
J B Nagar,2,25466000.0,25466000.0,25677.083333333336,24752081.67962826,24850.295303605148,19.1092205,72.8670578,High Price
Jacob Circle,12,72375000.0,63050000.0,44393.180764274024,70947973.30424109,43457.46221022172,18.981873990833332,72.8294232675,Very High Price
Jambli Naka,1,4500000.0,4500000.0,7500.0,5582170.899441075,9303.618165735124,19.19045448,72.97886658,Lower Price
Jari Mari,1,2600000.0,2600000.0,7428.571428571428,3879500.0,11084.285714285714,19.09186172,72.88259125,Lower Price
Jawahar Nagar,1,8500000.0,8500000.0,20000.0,9408188.961807989,22136.91520425409,19.16055298,72.84785461,High Price
Jawhar,2,9650000.0,9650000.0,14435.660957400089,7092306.278333333,10682.9389120041,19.91672707,73.22872925,Medium Price
Jogeshwari,533,16665428.146341464,14604626.0,22311.00866683462,16936471.7875418,22645.617067407846,19.1396449498151,72.84874700237623,High Price
Joveli Gaon,1,2000000.0,2000000.0,3539.823008849557,2101250.5413059164,3719.027506736136,19.14252281,73.2464447,Lower Price
Juhu,179,128343346.16201118,100000000.0,51350.437902077305,126055802.45222811,50696.74046922887,19.107591114258973,72.8311607578813,Very High Price
Juhu Scheme,11,195227272.72727272,90000000.0,57224.34101859499,154245539.2269697,50399.79168815045,19.10780334,72.82821655,Very High Price
Juhu Tara,1,40000000.0,40000000.0,50000.0,33017232.21428572,41271.54026785715,19.10225296,72.82697296,Very High Price
Juinagar,26,17562761.53846154,13700000.0,15850.665587460917,18250904.473124523,16424.273397381792,19.05117746384615,73.01547887076923,Medium Price
Jvlr,6,21627227.666666668,20812900.5,29960.236932469812,21402897.87365682,29821.46782761587,19.138869066654,72.863094165841,High Price
Jvpd Scheme,10,110413268.5,112900000.0,67431.95219692633,102982045.12793514,62834.72366357414,19.111422760649,72.83175423617601,Very High Price
Kalamboli,165,7999433.193939394,7800000.0,8338.127085471768,8034380.597449619,8363.445886966883,19.038302947939393,73.0954773870303,Lower Price
Kalbadevi,7,26761731.0,27500000.0,36912.75743490527,29428839.358990334,40600.106285380556,18.94974625142857,72.82747382000001,Very High Price
Kalina,3,35669333.333333336,28008000.0,37615.04635131923,31256876.862522583,32986.05602408335,19.074332260000002,72.86256740666666,Very High Price
Kalwa,164,8859017.371951219,8280500.0,11109.184530119124,9086721.39329763,11366.053319691378,19.20464421664634,73.00508517670731,Medium Price
Kalyan,1736,6491409.7799539175,5275000.0,7664.2931570074115,6505430.412612108,7681.624119340058,19.24505267623848,73.13118724574885,Lower Price
Kalyan Shilphata Road,1,3224000.0,3224000.0,5200.0,3322514.333434344,5358.894086184425,19.16750145,73.07801056,Lower Price
Kamathipura,1,35000000.0,35000000.0,35000.0,39108331.44333333,39108.33144333333,18.96766281,72.81909943,Very High Price
Kamothe,469,8289422.068230277,8200000.0,8961.7517921899,8318477.116627003,8984.751223235427,19.017064340810233,73.09389661746269,Lower Price
Kandivali,2030,19019115.919211823,16000000.0,21156.77635323761,19045682.53819595,21142.88596622592,19.205548036720675,72.85282783130124,High Price
Kanjur Marg,1,23500000.0,23500000.0,18951.612903225807,27387045.438442964,22086.32696648626,19.13448906,72.91770172,Medium Price
Kanjur Village,2,44481339.0,44481339.0,29183.37690619284,41054531.084,27480.35072207996,19.1328234,72.939916,High Price
Kanjurmarg,731,19156875.08618331,17139162.0,23316.39840853681,19397397.609607104,23414.815565564335,19.13268496515797,72.93284753371103,High Price
Kannamwar Nagar 1,2,12572661.0,12572661.0,22024.56451612903,13431897.523511482,23153.009335514616,19.115903,72.940013,High Price
Karanjade,122,5055079.049180328,4400000.0,8547.384446781702,5226720.734843329,8778.362525428887,18.983820946311475,73.09786780877049,Lower Price
Karanjade Panvel,2,2927500.0,2927500.0,5418.620520716685,3101254.2183333337,5794.6490104516615,18.97328758,73.10987854,Lower Price
Karjat,268,8992894.656716418,6500055.5,4689.421002233532,9431890.082296038,4800.243351901472,18.911994294328355,73.33674538876866,Lower Price
Kasar Vadavali,2,6250000.0,6250000.0,9435.483870967742,5799509.071113048,8789.18680402712,19.268053055000003,72.97013092,Lower Price
Kasaradavali Thane,85,6862294.011764706,6190000.0,9269.123803098983,7055477.102806249,9459.502425896691,19.26853191117647,72.96916907929412,Lower Price
Kasheli,3,2933333.3333333335,3000000.0,4244.266922864333,4644539.612594511,6759.1411085408,19.23482323,73.01493835,Lower Price
Kewale,8,3631375.0,3673500.0,5458.823360184839,3972680.772362432,5974.333008219976,18.99816226625,73.12723064875,Lower Price
Khadakpada,6,8800000.0,9750000.0,7442.000133973055,9677657.273611112,7838.212774173414,19.25329018,73.13663483,Lower Price
Khalapur,3,3000000.0,3000000.0,5422.723475355055,3268048.846666666,5690.98494721526,18.83169937,73.28569794,Lower Price
Khanda Colony,1,6300000.0,6300000.0,12115.384615384615,5394388.696666667,10373.824416666668,19.00613022,73.11263275,Medium Price
Khar,136,82287742.64705883,60732650.0,46716.150527067075,83029960.57457756,46462.39827093015,19.07105833352941,72.83847903595587,Very High Price
Khar Danda,1,6500000.0,6500000.0,8666.666666666666,32535607.4508783,43380.8099345044,19.07944679,72.82783508,Lower Price
Khardi,4,1825000.0,1850000.0,4106.9023569023575,1766476.30375,4130.453215412057,19.58354378,73.3866806,Lower Price
Kharghar,1900,13964801.114210526,12200000.0,11434.05434636994,13957619.063811602,11450.396390570997,19.06479657621053,73.07316175361052,Medium Price
Kharodi,2,12000000.0,12000000.0,18644.400069298175,12047047.916056987,17908.507301488356,19.196294785,72.818344115,Medium Price
Khopoli,44,6035955.409090909,3900000.0,5777.111529493924,6027122.713362431,6009.074919690111,18.796886442727274,73.30184953818183,Lower Price
Kiravli Village,3,4566666.666666667,3900000.0,5689.484126984127,4670092.888910205,5778.770245272232,19.09748459,73.0586319,Lower Price
Kolegaon,1,2500000.0,2500000.0,5000.0,2365866.1904761903,4731.7323809523805,19.16950989,73.08883667,Lower Price
Kolhare,13,2873243.076923077,2660320.0,4290.35795468339,2831408.3335680696,4223.676705761041,19.02702332,73.33480835,Lower Price
Kolshet,22,12722727.272727273,12250000.0,12985.139483863739,12501231.733353818,12665.612750330281,19.24021149,72.99583435,Medium Price
Kolshet Road,2,8450000.0,8450000.0,10347.222222222223,10362176.615702586,12446.716384547068,19.2321682,72.9874115,Medium Price
Kolshet Road Thane,3,20333333.333333332,9500000.0,9682.311621966795,22692216.53333333,10419.330539228884,19.23206902,72.98734283,Lower Price
Kon,1,4450000.0,4450000.0,4890.10989010989,4574034.39,5026.411417582417,18.95895386,73.15097809,Lower Price
Kongaon,1,2800000.0,2800000.0,5000.0,3597825.3603071487,6424.688143405622,19.24171066,73.1055069,Lower Price
Koparkhairane Station Road,1,16800000.0,16800000.0,14608.695652173914,16153833.333333332,14046.811594202898,19.10988808,73.00279999,Medium Price
Koper Khairane,532,14320571.89661654,13500000.0,13697.359324225168,14626273.094655262,13810.486206458605,19.101557680639097,73.00744290509398,Medium Price
Koproli,7,3357578.5714285714,3500000.0,4551.495487845488,3379723.5898097255,4556.719900805961,19.012138095714285,73.16437421285715,Lower Price
Kurla,530,14131535.426415095,11730358.0,20237.766090407888,14409227.191481259,20476.207946114544,19.069770143173265,72.88636374087261,High Price
Lalbaug,4,44350000.0,41700000.0,43594.22108696442,44751123.78649825,44366.17306335941,18.9883785,72.835489,Very High Price
Lbs Marg,2,29297058.5,29297058.5,48369.12438220758,17423568.204829384,28752.426158259543,19.106737,72.923795,Very High Price
Lbs Marg Mulund,3,32666666.666666668,29000000.0,17819.612507245318,41499697.96228411,22214.581754997063,19.17434883,72.94284821,Medium Price
Lic Colony,1,5500000.0,5500000.0,14705.882352941177,6083397.5975,16265.768977272728,19.23988533,72.85080719,Medium Price
Lodhivali,3,2936666.6666666665,2785000.0,3848.863871519377,4412324.762448054,5982.576949664578,19.10247802666667,73.19683837666666,Lower Price
Lokhandwala Andheri,1,70100000.0,70100000.0,53593.27217125383,44687908.96666667,34165.06801732926,19.1405188,72.8262405,Very High Price
Lokhandwala Complex,3,98333333.33333333,27500000.0,24674.08744484557,112147120.31954503,25042.840808686964,19.14414024,72.81971741,High Price
Lonavala,2,24500000.0,24500000.0,13475.831076798986,24031384.051666666,13040.693544179103,18.74938965,73.40807343,Medium Price
Louis Wadi,1,19500000.0,19500000.0,11818.181818181818,19892460.181818184,12056.036473829205,19.19680977,72.96044922,Medium Price
Lower Parel,348,81064743.53448276,67282300.0,47549.844257157885,82935514.75609367,48135.04621323342,19.00112537846954,72.82805756948851,Very High Price
Madanpura,1,11000000.0,11000000.0,17241.379310344826,12584580.382491143,19725.04762145947,18.97130013,72.82520294,Medium Price
Madh,2,83750000.0,83750000.0,21522.727272727272,88926741.12783332,22705.839134657574,19.157718655,72.7920723,High Price
Magathane,12,18449637.333333332,18071084.5,26740.88373148871,18921389.074155737,27442.318211465743,19.218579227859667,72.866693949246,High Price
Mahalaxmi,165,87165367.97575757,75000000.0,49787.34059132229,89133619.57575996,50302.43215430789,18.983916076222165,72.82399951739036,Very High Price
Mahim,170,37343105.38823529,33750000.0,40870.77627249172,37293521.5790138,40882.60527955982,19.052072776733674,72.84084621414324,Very High Price
Majiwada,16,25912500.0,23000000.0,15506.782350882737,24616463.186127435,14893.960914505822,19.21592902875,72.99058914625,Medium Price
Makane Kapase,7,1575428.5714285714,1600000.0,3407.7861544615116,1632790.187142857,3519.5042855115944,19.572950907142857,72.80638885571429,Lower Price
Malabar Hill,36,281158008.5,122500000.0,76152.10025283016,264166569.59435648,75369.578875767,18.954403739722224,72.80103996151165,Very High Price
Malad,1518,19411790.346508563,16917015.0,20967.4423850225,19693397.56068275,21118.64673925205,19.186787513355878,72.84052114128076,High Price
Malad Mithchowki,1,16000000.0,16000000.0,15238.09523809524,17704313.175979372,16861.250643789877,19.19661331,72.83518982,Medium Price
Mandvi,1,8500000.0,8500000.0,19540.22988505747,11349705.704000002,26091.277480459776,18.95572281,72.83756256,Medium Price
Maneklal Estate,2,6200000.0,6200000.0,16756.756756756757,7934257.251280545,21443.938516974442,19.09082985,72.90154266,Medium Price
Manjarli,1,950000.0,950000.0,1900.0,1391630.4,2783.2608,19.18211937,73.23914337,Lower Price
Mankhurd,4,23100000.0,12700000.0,13180.787865905833,29867158.2,18705.347876023392,19.052760125,72.9306468975,Medium Price
Manor,1,491000.0,491000.0,982.0,1587186.48,3174.37296,19.72751427,72.90652466,Lower Price
Manpada,14,23957142.85714286,19750000.0,12417.659648030796,26676436.70439166,12804.752840846337,19.23522363142857,72.97510528214285,Medium Price
Marine Drive,2,583683416.5,583683416.5,114175.60281758572,472384689.265,85488.55421966169,18.93328094,72.82391357,Very High Price
Marine Lines,33,143704003.9090909,75000000.0,47882.01329825488,148150671.64000434,50683.20608639417,18.94520505363636,72.82625383757576,Very High Price
Marol,7,30236933.14285714,25300000.0,32379.80904334517,29870467.70938054,31622.034704355126,19.117549305127998,72.88539331959414,Very High Price
Matunga,259,50481060.324324325,41200000.0,42596.367514302896,49787379.78947735,42044.09621194133,19.03059023881355,72.85291247483215,Very High Price
Mazagaon,32,26936171.875,22750000.0,26700.927256370025,28728604.303305067,27997.610591699027,18.9683606609375,72.8387250890625,High Price
Mazgaon,21,36157142.85714286,36500000.0,28398.955028967182,39021571.08066128,30407.20864765867,18.97659765142857,72.83887154857142,High Price
Mira Bhayandar,1,4400000.0,4400000.0,7857.142857142857,4809945.199999999,8589.187857142855,19.29523277,72.85439301,Lower Price
Mira Bhayander Road,3,6799886.666666667,5699660.0,9654.69288389513,7574518.121175431,10919.170194743061,19.28562927,72.86935425,Lower Price
Mira Road,3157,8740131.28001267,7900000.0,11341.205610932768,8810858.498613426,11387.432034837306,19.283841941479253,72.876008059433,Medium Price
Mogra Pada,2,24969123.5,24969123.5,27258.823500491642,26594120.003096208,28892.272332621782,19.125064587175,72.855170172683,High Price
Mount Marry,1,35000000.0,35000000.0,56910.56910569106,32064890.52,52138.033365853655,19.04687119,72.82348633,Very High Price
Mulund,1441,22151810.875086747,19600000.0,22357.05115126401,22142183.838608973,22301.32903330503,19.16875422637478,72.94607031437029,High Price
Mulund Gavanpada,1,6900000.0,6900000.0,16046.511627906975,7902017.927361296,18376.78587758441,19.17311478,72.96450806,Medium Price
Mulund Mumbai,1,15500000.0,15500000.0,13478.260869565218,18805374.364941403,16352.499447775132,19.17255402,72.9425354,Medium Price
Mumbai,1,1000000.0,1000000.0,2000.0,12766040.08280214,25532.08016560428,19.01761627,72.85613251,Lower Price
Mumbai Central,8,18975000.0,22000000.0,22663.858176395115,23509658.71033307,28396.12114989043,18.97177433875,72.82092476125,High Price
Mumbra,24,3020593.7083333335,2838750.0,4338.723572477197,3449016.099537902,4944.5937944154475,19.171699284166667,73.02654647749999,Lower Price
Murarbaug,1,4475000.0,4475000.0,7458.333333333333,4167606.674666667,6946.011124444445,19.2394104,73.13623047,Lower Price
Murbad,4,11143000.0,4300000.0,6525.400432900434,10450359.251666667,6170.4302945519485,19.2817049025,73.4170761125,Lower Price
Muthaval,2,2650000.0,2650000.0,3651.515151515152,3888561.513333333,5587.68711111111,19.290843965,73.146907805,Lower Price
Nagpada,1,11500000.0,11500000.0,23000.0,13022191.666666664,26044.383333333328,18.96349716,72.83013916,High Price
Nahur,48,20127886.520833332,19850000.0,18995.744444201835,20228231.17681021,19057.953577432814,19.162355903958332,72.94900610083333,Medium Price
Naigaon,687,4339168.375545852,3850000.0,6328.660075068084,4382559.476929345,6336.934329075385,19.360123944294035,72.85998653959244,Lower Price
Nala Sopara,341,3751141.299120235,3400000.0,6756.81783041978,3771686.0484693414,6780.783133285527,19.422683581202346,72.81510028082111,Lower Price
Nalasopara,90,4101430.222222222,3325000.0,5673.127798456964,4290574.421058652,5847.785584011761,19.41767516422222,72.80324291722222,Lower Price
Nallasopara W,3,3666666.6666666665,3000000.0,5413.128312656532,3966446.565948767,5742.3667689049535,19.41750526,72.81793976,Lower Price
Nandivali Gaon,2,1625000.0,1625000.0,3600.7249615174537,1715016.6666666665,3794.8865385570284,19.21196365,73.12853241,Lower Price
Napean Sea Road,1,376872165.0,376872165.0,132375.18967334036,329946936.18,115892.84727081138,18.962863659032,72.802550082412,Very High Price
Napeansea Road,3,129500000.0,76000000.0,43653.30189145046,155059838.9488889,57746.34577168769,18.946647010000003,72.79649861666667,Very High Price
Natakwala Lane,2,14850000.0,14850000.0,21876.470588235294,15326764.405730706,22288.971079696705,19.22318649,72.85414124,High Price
Naupada,2,37900000.0,37900000.0,50876.854772753824,24094808.8780471,30952.319099556342,19.123597144999998,72.905124665,Very High Price
Navade,1,4100000.0,4100000.0,6029.411764705882,4624256.057343464,6800.376554916859,19.05088997,73.10306549,Lower Price
Navapada,1,3700000.0,3700000.0,6981.132075471698,3265553.237928572,6161.421203638814,19.22805214,73.0916748,Lower Price
Navghar,14,10798790.714285715,9449999.0,12325.530755532305,10221052.462058486,11127.226635634894,19.31887953642857,72.86702401285714,Medium Price
Navgharh,1,3600000.0,3600000.0,6371.681415929204,3399191.478388278,6016.268103342085,19.38239098,72.81522369,Lower Price
Navpada Vile Parle,1,18500000.0,18500000.0,38947.36842105263,18475293.077777777,38895.353847953214,19.09637833,72.85639954,Very High Price
Nehru Nagar,1,16000000.0,16000000.0,18823.529411764703,17491018.032978438,20577.66827409228,19.06394768,72.88336182,Medium Price
"Nehru Nagar, Kanjurmarg",1,18117644.0,18117644.0,29411.75974025974,16571436.788941383,26901.683098930826,19.06442,72.883309,High Price
Neral,335,3130341.647761194,2400000.0,3986.544092335935,3144342.8530136067,3957.3205304866024,19.026248147014925,73.3130272699403,Lower Price
Nere,17,2122352.9411764704,1725000.0,4215.556831984354,2156111.935331345,4274.989482186936,19.011504904117647,73.17224524764707,Lower Price
Nerul,349,28607506.808022924,22500000.0,20734.677003332225,28487048.66321468,20945.36289038149,19.031294694297994,73.0175812073639,High Price
New Panvel Karanjade,1,3099876.0,3099876.0,4836.0,4403789.26,6870.186053042122,19.11169052,72.92162323,Lower Price
New Panvel Navi Mumbai,2,2835000.0,2835000.0,4697.368421052632,3215218.144444445,5322.88497981513,18.98895073,73.11669922,Lower Price
New Rajaram Wadi,3,14657196.666666666,14400000.0,22119.667618746967,15649817.626890227,23589.86182819858,19.166173,72.932106,High Price
Nilje Gaon,8,5014999.0,4399999.5,9050.169578483106,4804308.613437024,8445.535840653934,19.15550112875,73.07993888749999,Lower Price
Old Panvel,3,4850666.666666667,4940000.0,6796.892842579189,4901350.5479365075,6859.342292515558,18.99047279,73.10417938,Lower Price
Oshiwara,4,26531772.0,25750036.0,31044.587978811076,26409166.513043575,30744.075513074764,19.14899669706775,72.84009772193974,Very High Price
Oshiwara Police Station Road,1,160000000.0,160000000.0,29090.90909090909,243751577.03,44318.46855090909,19.149683,72.83291626,High Price
Owale,1,6000000.0,6000000.0,9118.54103343465,5839904.21235589,8875.234365282507,19.26782608,72.95491791,Lower Price
P L Lokhande Marg,1,11000000.0,11000000.0,13253.012048192772,11301472.11264166,13616.231461014047,19.06223106,72.9053421,Medium Price
Padgha,2,612500.0,612500.0,1074.1910631741139,926146.9037301588,1625.8274058576076,19.36450958,73.17856598,Lower Price
Padle Gaon,1,3900000.0,3900000.0,6393.44262295082,3774074.1712968647,6187.006838191582,19.1565094,73.06157684,Lower Price
Pakhadi,1,7000000.0,7000000.0,9333.333333333334,10264774.208920635,13686.36561189418,19.20425034,73.00229645,Lower Price
Palava,3,4633333.333333333,4400000.0,5304.074454013619,4767819.796472382,5483.593326953435,19.170272823333335,73.11399587,Lower Price
Palghar,108,2566086.777777778,2200000.0,5340.647797717862,2572281.1426048605,5333.961115967167,19.672702154444444,72.77741877231482,Lower Price
Pali Hill,3,189335622.33333334,148356142.0,90804.79964806656,165093293.40424243,79040.81339647296,19.065769603333333,72.82818011666666,Very High Price
Palidevad,2,4475000.0,4475000.0,5265.432098765432,5276493.327976191,6168.348413727221,18.999937055,73.132602695,Lower Price
Panch Pakhadi,1,28000000.0,28000000.0,20740.74074074074,24641000.0,18252.59259259259,19.19547081,72.96524811,High Price
Panch Pakhdi,7,27329054.285714287,26500000.0,18484.80328699947,29560339.641790785,19355.072594391542,19.195106234285713,72.96518707142857,Medium Price
Pant Nagar,2,12450000.0,12450000.0,24283.910925264798,13178178.471586797,25761.896472414606,19.088989671784,72.914933140118,High Price
Panvel,1225,9389450.483265307,7891200.0,10515.446915191089,9365796.980796706,10526.274898572981,18.97309621315102,73.13452426247346,Medium Price
Parel,275,47592848.58181818,39900000.0,38386.399783914174,48154215.04452801,38649.469081828116,18.999878022195965,72.84365471663001,Very High Price
Parel Village,2,12250000.0,12250000.0,27460.31746031746,11967225.300225183,26320.594345340163,19.00215721,72.84157562,High Price
Parksite Colony,1,5500000.0,5500000.0,15277.777777777776,7395759.441634919,20543.776226763664,19.10339546,72.91438293,Medium Price
Patil Nagar Vasind,4,2875000.0,2100000.0,3866.173701118865,2855675.1018225807,3921.236211397349,19.40488052,73.26834106,Lower Price
Patlipada,2,17000000.0,17000000.0,11663.685152057245,18308641.22981399,12689.412267692362,19.24074936,72.97263336,Medium Price
Peddar Road,3,160833333.33333334,112500000.0,48699.09277358858,266838565.8122222,77061.45206281518,18.971782683333334,72.80598958333333,Very High Price
Perry Cross Rd,1,70000000.0,70000000.0,53846.15384615384,64868200.0,49898.61538461538,19.05942726,72.82289124,Very High Price
Pisarve,2,4000000.0,4000000.0,5009.075907590759,4472599.3816768825,5541.670385619338,19.09410095,73.08773041,Lower Price
Pisavli Village,8,2098750.0,2050000.0,3663.8564065189294,2384909.389126451,4075.062901589589,19.21355438,73.12350464,Lower Price
Pokhran 2,4,17500000.0,17500000.0,12886.72278226744,18525041.980168212,13692.47607845524,19.2244606,72.96008301,Medium Price
Pokhran Road No 2,1,42500000.0,42500000.0,11643.835616438357,57872598.02,15855.506306849316,19.22472191,72.95986938,Medium Price
Police Colony,1,17000000.0,17000000.0,18888.88888888889,18648115.05795749,20720.12784217499,19.06385994,72.89113617,Medium Price
Powai,916,33599913.19650655,27050000.0,27548.70120766786,33113615.85942176,27230.973206985625,19.11755669624636,72.90421745310017,High Price
Prabhadevi,207,89990220.3478261,65000000.0,52087.20605078553,88997754.73036645,51870.07533728668,19.014933150822934,72.83030935938507,Very High Price
Rabale,17,4485294.117647059,3600000.0,6890.587126213182,5092537.572323577,7891.2472658423685,19.142399174117646,73.00531679,Lower Price
Rabale Station Road,3,1866666.6666666667,2200000.0,3738.977072310405,3812204.535396538,7329.485282324812,19.14225006,73.00177002,Lower Price
Railwaycolony,1,9500000.0,9500000.0,9793.814432989691,6889924.392197684,7103.0148373172005,19.22434616,73.0917511,Lower Price
Ram Mandir Road,3,10066666.666666666,9200000.0,15090.216393066237,12693958.822202995,18584.041384806435,19.15190125,72.84559631,Medium Price
Ramchandra Lane,1,6500000.0,6500000.0,24074.07407407408,5915096.708344282,21907.765586460304,19.1893425,72.83883667,High Price
Rasayani,17,3589705.882352941,2800000.0,5823.52122729663,3537901.5508409883,5766.478715621173,18.892407025882353,73.17869343588235,Lower Price
Residential Flat Virar,1,2800000.0,2800000.0,4307.692307692308,3167929.0,4873.736923076923,19.46188164,72.77765656,Lower Price
Roadpali Navimumbai,1,4650000.0,4650000.0,7750.0,5834110.682177521,9723.517803629202,19.01888657,73.00951385,Lower Price
Rohinjan,2,9650000.0,9650000.0,9414.564493098525,8351349.485373031,8106.70952561008,19.067727085,73.06816101,Lower Price
Sabe Gaon,2,1450000.0,1450000.0,4430.434782608696,1497806.1616666666,4435.862154492754,19.17804337,73.04302216,Lower Price
Sagaon,5,2080000.0,2000000.0,4668.764695216671,2086731.745047619,4682.557264583261,19.1956234,73.09586334,Lower Price
Sahkar Nagar,1,18000000.0,18000000.0,17142.85714285714,18706965.51917628,17816.157637310745,19.06291771,72.89055634,Medium Price
Sai Baba Nagar Lane,1,18000000.0,18000000.0,22500.0,18463720.423794743,23079.650529743438,19.21715355,72.84799194,High Price
Sai Samarth Mitra,5,6440000.0,6500000.0,10149.75369458128,6427501.249528027,10131.15601373082,19.20506439,73.000492858,Medium Price
Saki Naka,10,14410000.0,15050000.0,18421.632931602424,15857340.524313062,19748.23619727082,19.09702873,72.88480377,Medium Price
Sakinaka,3,19386494.333333332,18037634.0,27219.976006682777,20709184.436716136,28858.19105520046,19.099544,72.896887,High Price
Sambhaji Nagar,4,55290000.0,51120000.0,40000.0,48763453.475917615,35426.68240961552,19.1676278,72.9508666,Very High Price
Sanpada,183,25722713.786885247,18900000.0,19980.649607546482,25207001.190131187,19682.680351285024,19.059413889344263,73.00963775983607,Medium Price
Santacruz,526,42018361.48098859,27950000.0,32133.678509692552,42228224.216391236,32223.244167898218,19.079179227046442,72.8492518848317,Very High Price
Santosh Nagar,4,2637500.0,2300000.0,4810.984795647928,2724886.1024227,4930.6291986178185,19.2232050925,73.1342411075,Lower Price
Saphale,22,2133563.727272727,1926000.0,3789.9288108654127,2123336.9968181816,3777.1450208804367,19.574754889090908,72.82498065,Lower Price
Sarsole,1,30000000.0,30000000.0,16997.167138810197,30986186.56241961,17555.91306652669,19.04355812,73.01004791,Medium Price
Satpati,1,1400000.0,1400000.0,2692.3076923076924,1506412.9,2896.9478846153843,19.71801567,72.71012115,Lower Price
Savitribai Phule Nagar,2,12850000.0,12850000.0,16507.46114524707,15795833.429970883,19898.694256264756,19.08869743,72.91460419,Medium Price
Seawoods,337,27600345.19287834,25000000.0,20597.987048727628,27294770.815823223,20447.70784629614,19.01579320305638,73.01557188848665,High Price
Sector 11 Koparkhairane,2,14950000.0,14950000.0,11912.350597609562,15360010.416666668,12239.052124834,19.10107231,73.01566315,Medium Price
Sector 12 Kharghar,1,5200000.0,5200000.0,7761.194029850746,5212343.2639292935,7779.616811834767,19.04391289,73.06561279,Lower Price
Sector 16 A,1,32500000.0,32500000.0,20312.5,31746698.968470093,19841.686855293807,19.03611565,73.00835419,High Price
Sector 16 Vashi,1,23000000.0,23000000.0,23350.2538071066,17680482.880692635,17949.72881288592,19.07642555,73.00093842,High Price
Sector 17 Ulwe,3,10866666.666666666,12100000.0,9405.101617490998,10655466.666666666,9231.622346843587,18.963500976666666,73.02074178,Lower Price
Sector 17 Vashi,1,12500000.0,12500000.0,20833.33333333333,8610654.786457038,14351.091310761729,19.07024574,72.9985733,High Price
Sector 18 Kharghar,1,2700000.0,2700000.0,3913.0434782608695,3609841.129506173,5231.653810878512,19.0467453,73.08017731,Lower Price
Sector 19 Kamothe,2,9275000.0,9275000.0,7898.64230519246,9832583.340960983,8351.752549109471,19.012911795,73.094352725,Lower Price
Sector 19 Kharghar,3,18000000.0,22500000.0,11893.939393939394,17463551.079291467,11526.858645849803,19.04926618,73.07761383,Medium Price
Sector 19 Ulwe,1,8000000.0,8000000.0,7272.727272727273,8891954.604924506,8083.595095385914,18.97244644,73.02898407,Lower Price
Sector 2 Charkop Kandivali,1,12000000.0,12000000.0,16000.0,12874389.619559083,17165.85282607878,19.21356201,72.81957245,Medium Price
Sector 21 Ghansoli,3,7033333.333333333,6900000.0,10796.946068875892,6786184.763012491,10396.111141694952,19.13016319,72.99938202,Medium Price
Sector 21 Kamothe,9,10577777.777777778,11800000.0,8963.745851906382,10292812.890910143,8769.541549385169,19.01353369888889,73.09644233,Lower Price
Sector 21 Kharghar,1,43000000.0,43000000.0,13437.5,41745811.2,13045.566,19.04994202,73.06856537,Medium Price
Sector 21 Nerul,1,27500000.0,27500000.0,18333.33333333333,27587065.23823076,18391.376825487176,19.02739143,73.02095032,Medium Price
Sector 22 Kamothe,1,4800000.0,4800000.0,8275.862068965518,4581919.565716276,7899.861320200475,19.01470184,73.10036469,Lower Price
Sector 23 Ulwe,1,5200000.0,5200000.0,7482.014388489209,5170967.058151735,7440.240371441345,18.97681999,73.03240967,Lower Price
Sector 30 Kharghar,1,4300000.0,4300000.0,6259.097525473071,4695219.302707506,6834.380353286036,19.07047462,73.07662964,Lower Price
Sector 44 Seawoods,1,16100000.0,16100000.0,16180.904522613066,17019196.5,17104.720100502513,19.01494217,73.01359558,Medium Price
Sector 5 Ghansoli,4,8450000.0,8600000.0,10473.515795206971,9414822.406960726,11396.085048279514,19.11912918,73.00015259,Medium Price
Sector 6 Kamothe,2,5399970.0,5399970.0,8193.5,5459897.2607377805,8281.019054510194,19.022231105,73.09479904,Lower Price
Sector 8 Charkop,2,9594000.0,9594000.0,17859.59438377535,10473004.710254574,19411.9100551918,19.216796648975,72.813639753876,Medium Price
Sector-12 Kamothe,2,7000000.0,7000000.0,7770.872567482737,7489721.508946309,8179.798913257192,19.018675805,73.088825225,Lower Price
Sector-14 Koparkhairane,2,17750000.0,17750000.0,12800.0,18927377.920262884,13666.202368990073,19.09662056,73.00291443,Medium Price
Sector-15 Ghansoli,2,7450000.0,7450000.0,10691.018001049804,7232655.860278034,10377.775161294834,19.12387466,72.99108124,Medium Price
Sector-20 Koparkhairane,1,15000000.0,15000000.0,14191.106906338697,13897986.24566776,13148.520573006395,19.10732841,73.00188446,Medium Price
Sector-3 Ghansoli,1,7000000.0,7000000.0,12068.96551724138,7450721.127706265,12846.070909838389,19.11506844,73.00436401,Medium Price
Sector-50 Seawoods,1,9000000.0,9000000.0,13846.153846153846,8193949.637916203,12606.076366024929,19.01338577,73.02210236,Medium Price
Sector-9 Ulwe,4,10725000.0,10800000.0,9434.782608695652,10648686.985833332,9358.411752602107,18.9718165375,73.017248155,Lower Price
Sector-9A Vashi,1,20000000.0,20000000.0,18181.81818181818,18595492.84160502,16904.993492368198,19.07608414,72.99591827,Medium Price
Sector13 Kharghar,1,9200000.0,9200000.0,7666.666666666667,9476333.333333332,7896.944444444443,19.04660225,73.07217407,Lower Price
Sector15 Ghansoli,2,10900000.0,10900000.0,14487.781954887218,10489893.47352094,14015.261228359297,19.12387466,72.99108124,Medium Price
Sector20 Koparkhairane,1,7600000.0,7600000.0,12063.492063492064,7429990.025045704,11793.634960390007,19.10857773,73.00061035,Medium Price
Sector35D Kharghar,1,9200000.0,9200000.0,9154.228855721392,7953539.2,7913.969353233831,19.0720787,73.0790863,Lower Price
Sewri,61,40265319.26229508,33090200.0,33580.866077893,41978688.53517296,34718.31740372546,18.993948593278688,72.84958477508196,Very High Price
Shahapur,16,3206125.0,3017500.0,3132.866806689374,3545238.188352273,3424.774737890847,19.4577851325,73.32502794499999,Lower Price
Shahpur,1,5500000.0,5500000.0,4552.980132450331,6424434.156111112,5318.240195456218,19.09809113,73.07907104,Lower Price
Shelu,8,1943750.0,1950000.0,2924.873642069234,2127259.8268214287,3175.8209047873083,19.063875435,73.316347125,Lower Price
Sher E Punjab Colony,3,18379850.666666668,17639030.0,28753.0,18153970.709522113,28232.08020477872,19.131245000733,72.860591837079,High Price
Shil Phata,149,5420361.590604027,5000000.0,8252.100117978109,5478857.977377514,8300.815300443042,19.152043683355704,73.05244814557047,Lower Price
Shilgaon,2,3950000.0,3950000.0,5785.2316602316605,4269439.204042371,5994.43828373338,19.152104375,73.047409055,Lower Price
Shilphata,21,5013259.523809524,4900000.0,7576.014303425407,5025520.807174437,7548.213179421866,19.114259174285714,73.07070014761905,Lower Price
Shirgaon,1,3000000.0,3000000.0,4615.384615384615,2801646.653968254,4310.2256214896215,19.15634155,73.23516083,Lower Price
Shivaji Park,5,53100000.0,46500000.0,50861.4779368652,51046394.38511703,49086.49785241448,19.028661728,72.83850707799999,Very High Price
Shivkar,3,3283000.0,3399000.0,5737.979273439003,3218900.2041520462,5687.141711529953,18.98352432,73.15011597,Lower Price
Shreyas Colony,2,46528923.0,46528923.0,49173.42969060919,39791872.07333334,42227.45098169348,19.164571907043,72.856888278326,Very High Price
Shri Hari Nagar Kalyan,2,1465000.0,1465000.0,3475.6447636523285,1485045.0,3523.23575103286,19.22072029,73.12586975,Lower Price
"Siddharth Nagar, Goregaon",5,11963995.2,11419977.0,24575.640761296454,12481586.723765584,25396.63528036849,19.1593158507358,72.8681852637142,High Price
Siddhartha Nagar,1,69500000.0,69500000.0,34750.0,49529739.94,24764.86997,18.78977394,73.35384369,Very High Price
Sindhi Society Chembur,2,26609172.5,26609172.5,32254.235507246376,27244967.661624614,33062.30247291249,19.049931,72.891005,Very High Price
Sion,489,31370674.44580777,24000000.0,30846.85070393615,31237419.760318834,30875.760502119585,19.041199840798175,72.86957687008713,Very High Price
Sion Koliwada,1,8500000.0,8500000.0,24285.714285714286,8441811.564053724,24119.461611582068,19.04035759,72.86447144,High Price
Subhash Nagar,2,24744441.5,24744441.5,26440.523920013788,28382538.687669553,30421.531526979885,19.0589371,72.9040722,High Price
Tagore Nagar,2,10102200.0,10102200.0,18989.11206896552,11198925.580042427,20938.897535901953,19.1144333,72.9321645,Medium Price
Taloja,617,4863736.424635332,4500000.0,6997.9727046213275,4903918.537463852,7025.954879929346,19.076839236709887,73.10266283930308,Lower Price
Taloja Panvel,1,2850000.0,2850000.0,7125.0,2880056.073333333,7200.140183333333,19.08062553,73.11234283,Lower Price
Taloja Phase 2,1,3000000.0,3000000.0,4615.384615384615,5142291.364287493,7911.21748351922,19.11169052,72.92162323,Lower Price
Taloje,75,4471794.666666667,4200000.0,5828.965555656634,4552619.745906653,5927.5870762969425,19.076631673199998,73.10920410279999,Lower Price
Tardeo,76,130205779.80263157,90000000.0,59293.4293080833,132805183.09738089,59928.993275303554,18.968450447263432,72.81190097080133,Very High Price
Tembhode Palghar,1,1605000.0,1605000.0,3000.0,1576910.0,2947.495327102804,19.70185852,72.75614929,Lower Price
Thakur Village,3,87933216.0,102299648.0,43257.73170569982,77582692.93346576,38675.41967021053,19.209608340457667,72.87156961624767,Very High Price
Thakurli,63,5810388.968253968,5300000.0,7241.517374869558,5708068.876302531,7147.063938833373,19.22274510952381,73.0997710452381,Lower Price
Thane,5284,15772485.395912187,12600000.0,15617.377475431258,15779686.467458215,15638.471187977953,19.232078327904997,72.9761774583592,Medium Price
Thane Diva,1,700000.0,700000.0,2592.5925925925926,2227475.304692982,8249.908535899935,19.16488266,73.04075623,Lower Price
Tilak Nagar,14,14601395.714285715,14809392.0,23175.80299925652,15283170.876730114,24068.451694070645,19.06871686010871,72.89549465485892,High Price
Titwala,132,3298384.393939394,3075000.0,4577.390598948929,3324431.259518451,4590.731035389978,19.297615642348486,73.21029709424242,Lower Price
Ulhasnagar,45,7672734.222222222,7200000.0,7413.408961718554,7351138.767065838,7093.16698555778,19.243445545333334,73.16710323822223,Lower Price
Ulhasnagar 4,3,4533333.333333333,2200000.0,4387.464387464388,5142590.2822222235,4991.553353466287,19.21701813,73.16538239,Lower Price
Ulwe,1138,8634820.214411248,7500000.0,9350.47680216865,8787068.064873092,9441.547108309413,18.97358608867311,73.02819070654657,Lower Price
Umerkhadi,2,9100000.0,9100000.0,16037.735849056604,10075961.23034263,17886.885054288443,18.96084976,72.83812714,Medium Price
Umroli,8,2422315.25,2474600.0,5524.596038152163,2478784.926060606,5691.900857376889,19.09282970375,73.17733287875001,Lower Price
Uran,1,6260000.0,6260000.0,27822.222222222223,5081799.96,22585.7776,18.87729454,72.94078064,High Price
Usarghar,2,3449500.0,3449500.0,5730.172413793103,3352876.77677413,5562.682859004917,19.18214417,73.07120514,Lower Price
Usarghar Gaon,1,7500000.0,7500000.0,7894.736842105263,7762139.24,8170.672884210527,19.16649246,73.07331085,Lower Price
Uttan,3,18333333.333333332,20000000.0,7971.364221364221,73491703.77666666,23452.00776570785,19.290450413333332,72.79233805,Lower Price
Vajreshwari,1,21400000.0,21400000.0,16461.53846153846,22155854.81251114,17042.965240393183,19.19189644,72.96941376,Medium Price
Vakas,3,4933333.333333333,4800000.0,3789.5238095238096,4969503.581555556,3820.3152207999997,19.01542282,73.36750793,Lower Price
Vakola Pipeline Road,1,4500000.0,4500000.0,25000.0,6690900.817341269,37171.67120745149,19.08242035,72.85228729,High Price
Vakola Santacuz E,1,25000000.0,25000000.0,35714.28571428572,22459063.92724024,32084.377038914627,19.0788784,72.85002899,Very High Price
Vakola Yashwant Nagar,1,10500000.0,10500000.0,25000.0,11675707.914550863,27799.30455845444,19.0772934,72.85419464,High Price
Vallabh Baug Lane,1,10999800.0,10999800.0,19130.08695652174,10800709.45663166,18783.84253327245,19.0792923,72.90798187,Medium Price
Vangani,13,2054980.3076923077,1899000.0,3529.5088989235614,2269576.8784273695,3874.012366102303,19.10524339076923,73.25991410538462,Lower Price
Vasai,752,6192469.578457447,5000000.0,7576.557939383811,6424156.478296295,7705.952762178022,19.384946117486702,72.83532681363032,Lower Price
Vasant Vihar Thane,16,19656250.0,17000000.0,11820.15496390864,20025449.38321806,12006.722193478627,19.22451401,72.96820068,Medium Price
Vashi,247,24455207.238866396,22000000.0,19104.216343043456,24465193.436126634,19120.63803945433,19.08122005506073,72.99956185036437,Medium Price
Vasind,3,1550500.0,1751500.0,3217.076165236791,1576429.7249999999,3295.9636101639003,19.40595499666667,73.26541391666667,Lower Price
Vazira Naka,1,1950000.0,1950000.0,13000.0,2316780.0,15445.2,19.22897339,72.84194946,Medium Price
Veera Desai Road,1,16900000.0,16900000.0,22533.33333333333,15766781.837652948,21022.375783537263,19.25764084,72.84858704,High Price
Versova,11,19080743.636363637,15770000.0,26781.910712923225,18471020.768000465,25809.353651727604,19.135649612791,72.81454352177383,High Price
Vevoor,21,2142095.238095238,2100000.0,3529.0305166786197,2216150.8872698415,3609.1240220134177,19.67757034047619,72.76450020666667,Lower Price
Vichumbe,7,4271428.571428572,4550000.0,5497.436383621998,4765400.201049761,6106.0743609353985,19.018531801428573,73.13143049285715,Lower Price
Vidya Vihar,1,32000000.0,32000000.0,22857.14285714286,30990193.66925948,22135.85262089963,19.07920265,72.89142609,High Price
Vijay Nagar,1,3500000.0,3500000.0,5000.0,3895994.366120108,5565.70623731444,19.2221489,73.13848877,Lower Price
Vikhroli,896,15153193.728794644,11000000.0,20677.686803003955,15163706.238333452,20701.361484018158,19.107658134926233,72.92999060786433,High Price
Vikhroli Park Site,1,700000.0,700000.0,4666.666666666667,1626865.06,10845.767066666667,19.10388756,72.91612244,Lower Price
Vikramgad,1,10000000.0,10000000.0,3846.153846153846,16949367.5,6518.9875,19.79807663,73.09996033,Lower Price
Vikroli,84,9767371.42857143,9000000.0,17773.09170337361,10219325.617872972,18546.913763164637,19.102749120238094,72.93770108869047,Medium Price
Vile Parle,126,79028703.28571428,75000000.0,44538.11885312854,80017676.60513727,44730.21282844198,19.110993261685724,72.8392201322898,Very High Price
Vile Parle E,19,39431736.84210526,42120000.0,41690.78142562298,37339661.75210467,39598.185892416164,19.09637833,72.85639954,Very High Price
Ville Parle,326,34972091.72392638,28500000.0,32938.58821089559,34931079.19504176,32871.41683333268,19.101135405368098,72.85377460220859,Very High Price
Vinobha Bhave Nagar Kurla,1,9000000.0,9000000.0,20000.0,10502408.806092056,23338.686235760124,19.07196236,72.88330078,High Price
Virar,770,4602397.996103896,4020120.0,6898.748967625937,4616776.135018023,6938.368293070707,19.463989731207793,72.79962843954546,Lower Price
Wadala,614,34532820.604234524,28910305.0,31092.738109297887,34496083.52428911,31083.22642155104,19.027679320341726,72.86876470579108,Very High Price
Worli,188,130346638.55851063,82082429.5,51566.33395696514,129981909.89263056,51217.95888470801,19.00514783795452,72.82371245606762,Very High Price
Worli Sea Fase,4,69950000.0,68650000.0,49048.40871771907,74613545.91416666,51577.45482986192,19.00914383,72.81572723,Very High Price
Yari Road,1,14900000.0,14900000.0,27090.90909090909,14376966.96,26139.939927272728,19.13883018,72.80986786,High Price
Yogi Nagar,2,9250000.0,9250000.0,19599.056603773584,9201386.308325898,19785.674018937887,19.23563385,72.84248352,Medium Price
