locality,property_count,average_price_per_sqft,median_price_per_sqft,average_predicted_price_per_sqft
Thane,5292,15598.323459036803,15136.843765798787,15622.130052364339
Mira Road,3162,11339.03422182706,10125.108676751868,11384.471558853133
Kandivali,2039,21087.237542490107,20289.855072463768,21077.387720967206
Andheri,2039,27220.837745870533,26371.30801687764,27539.10857057075
Kharghar,1904,11417.045882866321,10418.859649122807,11435.264937234826
Dombivali,1872,8231.36530895969,7846.153846153846,8265.417117349987
Kalyan,1738,7660.30662863341,7272.727272727273,7677.555581161429
Borivali,1678,23526.606611327687,22869.617311742066,23596.810176215156
Chembur,1591,23907.272462707413,23144.10480349345,23961.094285092222
Malad,1522,20924.351756162094,20795.010395010395,21076.004705107374
Mulund,1446,22316.229367274405,22325.762829403604,22259.02356829458
Goregaon,1287,21589.90341884719,21621.62162162162,21404.41897974814
Panvel,1227,10521.70068656449,9677.41935483871,10531.077094377848
Ulwe,1140,9341.737825680779,8117.800074321814,9432.790903196006
Ambernath,981,4667.573476922165,4225.352112676056,4692.3021881759605
Powai,917,27523.33262869081,26000.0,27207.311894016486
Ghatkopar,906,23575.435070490992,22991.250167119175,23780.68455156981
Vikhroli,900,20730.162042486412,19815.570287268398,20724.346020270918
Virar,771,6897.704144015732,6315.789473684211,6936.043122381583
Vasai,752,7576.557939383811,7000.0,7705.952762178022
Kanjurmarg,731,23316.39840853681,23000.0,23414.815565564335
Bandra,708,43222.40293570508,41996.818663838814,43150.27494689086
Naigaon,688,6331.073864983126,5932.203389830508,6339.491892477021
Bhandup,673,17366.505914438385,16750.0,17578.256817953643
Wadala,617,31165.220744098708,30480.0,31097.31929121732
Taloja,617,6997.9727046213275,6043.1654676259,7025.954879929346
Koper Khairane,536,13636.335358680482,12750.50148056166,13752.766199775204
Jogeshwari,534,22275.449141657446,21463.46904629113,22609.883440302936
Kurla,531,20216.602689107684,20222.222222222223,20452.145453278168
Santacruz,527,32075.648895193197,28000.0,32166.956805210277
Sion,489,30846.85070393615,29361.0,30875.760502119585
Kamothe,471,8955.682931924095,8548.530721282279,8982.332366374589
Byculla,471,39999.40677990841,43696.0,40235.17758129492
Badlapur,471,4186.400174617419,3953.8714991762768,4172.169130006923
Ghansoli,455,14749.80687789557,14545.454545454546,14803.534914781398
Dahisar,453,18513.077199289473,18299.88193624557,18617.782589992963
Bhayandar,411,10632.19330289477,9745.12743628186,10641.81541352168
Bhiwandi,365,7252.336331747508,7082.954091816368,7405.496476364096
Nerul,351,20630.392510652335,17924.528301886792,20843.41264027341
Lower Parel,349,47436.605819829725,46980.85419734904,48021.74065791587
Nala Sopara,342,6755.702069765638,5777.777777777777,6778.2095815318135
Neral,341,4003.6202032128163,3598.014888337469,3974.5472364175357
Seawoods,338,20554.188618545173,18410.526315789473,20409.358880818065
Dadar,336,40464.151797793194,40000.0,40504.63099514312
Ville Parle,331,32552.878875146285,34000.0,32489.14012879552
Parel,277,38147.492765819334,38461.53846153846,38414.82166209321
Karjat,268,4689.421002233532,4131.571565956083,4800.243351901472
Matunga,260,42537.62150221552,45003.57576108925,41953.993706407215
Vashi,248,19091.33277274526,17514.044943820227,19100.662125438936
Airoli,240,13772.108754954168,13094.017094017094,13880.010541370228
Dombivli,235,7248.822045724263,7359.30735930736,7292.8963456531355
Prabhadevi,208,51853.29320118239,47767.85714285714,51638.73354281432
Worli,188,51566.33395696514,45921.01216887054,51217.95888470801
Sanpada,183,19980.649607546482,18000.0,19682.680351285024
Juhu,179,51350.437902077305,48461.53846153846,50696.74046922887
Mahim,170,40870.77627249172,42981.74526232229,40882.60527955982
Kalamboli,166,8336.067507034653,7763.631479989256,8369.730470166023
Mahalaxmi,165,49787.34059132229,50134.288272157566,50302.43215430789
Kalwa,164,11109.184530119124,11015.900318845444,11366.053319691378
Shil Phata,150,8222.727142832613,7930.344587539158,8290.75551066231
Khar,136,46716.150527067075,47662.734818698125,46462.39827093015
Titwala,134,4567.75731446728,4475.89842011571,4592.29008801598
Vile Parle,126,44538.11885312854,45643.93939393939,44730.21282844198
Karanjade,123,8515.935340588572,6718.75,8747.780122899061
Deonar,116,28333.41820000938,27442.936783803052,28273.554868707983
Palghar,108,5340.647797717862,5040.0,5333.961115967167
Boisar,107,4012.488586581317,3800.0,4604.188795624247
Belapur,92,15537.468867881107,15564.928978296923,15452.171643985144
Nalasopara,90,5673.127798456964,5461.085676913015,5847.785584011761
Kasaradavali Thane,85,9269.123803098983,9036.143072289156,9459.502425896691
Vikroli,84,17773.09170337361,18113.06765523633,18546.913763164637
Girgaon,84,36029.715181762855,34071.40691328078,37847.26340905939
Anjurdive,77,10068.375656958391,9781.209781209782,10176.96529729944
Tardeo,76,59293.4293080833,57473.39361567635,59928.993275303554
Taloje,75,5828.965555656634,5564.924114671164,5927.5870762969425
Dronagiri,68,8453.442632485921,6717.914438502674,8829.86613602168
Thakurli,63,7241.517374869558,7222.222222222223,7147.063938833373
Sewri,61,33580.866077893,34609.001594896334,34718.31740372546
Hiranandani Estates,54,17333.10639983025,15523.311639816493,16621.52292673117
Nahur,48,18995.744444201835,18845.98043975862,19057.953577432814
Colaba,46,52237.309777301845,44500.0,49836.85421527925
Ulhasnagar,46,7371.462483588626,7343.683778729096,7099.545426790395
Khopoli,44,5777.111529493924,4573.814944616408,6009.074919690111
Agripada,40,28420.67429406157,28275.202354672554,30368.456608079792
Malabar Hill,36,76152.10025283016,62361.11111111111,75369.578875767
Marine Lines,33,47882.01329825488,39046.15384615384,50683.20608639417
Mazagaon,32,26700.927256370025,24152.298850574713,27997.610591699027
Ambarnath,27,4193.952931353577,4117.64705882353,4274.998733997911
Fort,26,36095.37131599768,40536.18447488584,35785.26378303948
Juinagar,26,15850.665587460917,14828.375286041188,16424.273397381792
Bandra Kurla Complex,25,41768.43946319663,36943.23144104803,38539.47171007804
Cumballa Hill,25,64245.9346224937,60869.5652173913,63514.778245470225
Mumbra,24,4338.723572477197,4374.1749174917495,4944.5937944154475
Chinchpokli,24,33791.26251647258,33550.48859934854,36202.79873124761
Saphale,22,3789.9288108654127,3736.5269461077846,3777.1450208804367
Kolshet,22,12985.139483863739,12291.777188328913,12665.612750330281
Shilphata,21,7576.014303425407,8045.977011494253,7548.213179421866
Mazgaon,21,28398.955028967182,27333.33333333333,30407.20864765867
Vevoor,21,3529.0305166786197,3600.0,3609.1240220134177
Vile Parle E,19,41690.78142562298,38823.52941176471,39598.185892416164
Diva,19,6169.022947923899,6458.823529411765,5812.226918177342
Rabale,17,6890.587126213182,5565.217391304348,7891.2472658423685
Nere,17,4215.556831984354,4142.857142857143,4274.989482186936
Rasayani,17,5823.52122729663,4338.842975206611,5766.478715621173
Cuffe Parade,16,57465.6346892242,52782.10766575739,54389.67280981186
Shahapur,16,3132.866806689374,2962.745098039216,3424.774737890847
Majiwada,16,15506.782350882737,13956.441618210116,14893.960914505822
Vangani,16,3868.212993362407,3626.753246753247,4170.1854607156965
Vasant Vihar Thane,16,11820.15496390864,11439.006065310306,12006.722193478627
Tilak Nagar,14,23175.80299925652,22448.704695611137,24068.451694070645
Navghar,14,12325.530755532305,9992.857142857143,11127.226635634894
Manpada,14,12417.659648030796,11963.43511113075,12804.752840846337
Charkop,13,23130.85856275575,21500.0,23582.669885711362
Kolhare,13,4290.35795468339,4516.796338672769,4223.676705761041
Diva Gaon,12,5546.1391784948755,5231.448511608033,5724.004473276714
Greater Khanda,12,8559.70036778064,9055.852355512387,8392.317586284056
Jacob Circle,12,44393.180764274024,50573.394495412846,43457.46221022172
Magathane,12,26740.88373148871,26868.116431924882,27442.318211465743
Juhu Scheme,11,57224.34101859499,50000.0,50399.79168815045
Chandivali,11,30363.70706093167,31060.0,29994.89850098372
Versova,11,26781.910712923225,28008.595988538684,25809.353651727604
Govandi,11,20135.088699182208,20625.0,22096.812339817563
Saki Naka,10,18421.632931602424,19433.08668750399,19748.23619727082
Jvpd Scheme,10,67431.95219692633,67000.0,62834.72366357414
Sector 21 Kamothe,9,8963.745851906382,9440.0,8769.541549385169
Nilje Gaon,9,9402.77153905023,10526.315789473683,8557.811932069126
Shelu,8,2924.873642069234,2865.1793906031194,3175.8209047873083
Koproli,8,4692.785824592074,4151.525,4833.84368672163
Desale Pada,8,4146.477151252194,4083.3333333333335,4509.839478341089
Pisavli Village,8,3663.8564065189294,3668.8311688311687,4075.062901589589
Mumbai Central,8,22663.858176395115,26061.12054329372,28396.12114989043
Umroli,8,5524.596038152163,7040.0,5691.900857376889
Kewale,8,5458.823360184839,5294.53933747412,5974.333008219976
Marol,7,32379.80904334517,32062.39097744361,31622.034704355126
Ambivali,7,15967.94434026208,7826.086956521739,15306.64743705212
Vichumbe,7,5497.436383621998,5833.333333333333,6106.0743609353985
Hendre Pada,7,4179.545640617282,4058.4415584415583,3985.687544588009
Kalbadevi,7,36912.75743490527,38750.0,40600.106285380556
Panch Pakhdi,7,18484.80328699947,20214.49625668449,19355.072594391542
Ambivli,7,5149.467643746742,5102.039795918367,5012.183452672463
Makane Kapase,7,3407.7861544615116,3508.771929824561,3519.5042855115944
Asangaon,6,4282.393597525871,4033.2405151409685,4084.749523241828
Jvlr,6,29960.236932469812,28000.0,29821.46782761587
Hariyali,6,21492.543187469037,22000.0,22078.035230429236
Khadakpada,6,7442.000133973055,7266.970618034447,7838.212774173414
"Siddharth Nagar, Goregaon",5,24575.640761296454,24000.0,25396.63528036849
Jambrung,5,5996.348445450476,5807.365439093484,5494.966834332935
Shivaji Park,5,50861.4779368652,56000.0,49086.49785241448
Evershine Nagar,5,31796.574564865965,31899.64157706093,33935.782319597216
Ern Express Highway Vikhroli,5,13435.29411764706,13647.058823529413,12680.596326093513
Sai Samarth Mitra,5,10149.75369458128,10000.0,10131.15601373082
Sagaon,5,4668.764695216671,4566.2100456621,4682.557264583261
Churchgate,5,98918.28146581809,101839.75427444105,95290.81823086875
Chincholi Bunder,4,31328.30039885576,31193.166335754828,30337.57194971502
Antarli,4,7023.042800400905,6957.478005865103,7009.681420037863
Pokhran 2,4,12886.72278226744,12648.445564534879,13692.47607845524
Mumbai,4,4121.323036188953,4654.090214067279,11284.96548878278
Balkum,4,12975.986146535797,12989.455088511693,15454.259100683608
Hiranandani Gardens Powai,4,52777.50283860526,52848.87944265765,49698.7473268249
Patil Nagar Vasind,4,3866.173701118865,4032.347402237731,3921.236211397349
Sector-9 Ulwe,4,9434.782608695652,9391.304347826088,9358.411752602107
Sambhaji Nagar,4,40000.0,40000.0,35426.68240961552
Murbad,4,6525.400432900434,2413.333333333333,6170.4302945519485
Grant Road,4,37574.84533313112,35869.42875078468,41008.90505020883
Worli Sea Fase,4,49048.40871771907,49188.31168831169,51577.45482986192
Antop Hill,4,20644.485193691766,19612.984599044077,23451.340875176727
Sector 5 Ghansoli,4,10473.515795206971,9900.735294117647,11396.085048279514
Santosh Nagar,4,4810.984795647928,4775.7009345794395,4930.6291986178185
Mankhurd,4,13180.787865905833,13915.708812260536,18705.347876023392
Khardi,4,4106.9023569023575,3981.4814814814818,4130.453215412057
Lalbaug,4,43594.22108696442,43652.26427277128,44366.17306335941
Oshiwara,4,31044.587978811076,31480.336419753086,30744.075513074764
Napeansea Road,4,35454.262132873555,37331.80468902754,45754.95147162291
Vasind,3,3217.076165236791,3100.0,3295.9636101639003
Rabale Station Road,3,3738.977072310405,3809.5238095238096,7329.485282324812
Nallasopara W,3,5413.128312656532,5154.639175257732,5742.3667689049535
Anushakti Nagar,3,11323.068849390003,12454.545454545454,16318.363974100705
Bolinj Naka,3,5144.444444444444,5100.0,5469.166184444445
Ulhasnagar 4,3,4387.464387464388,3384.6153846153848,4991.553353466287
Gamdevi,3,69457.11771474988,63291.13924050633,64473.684269855265
Chedda Nagar,3,15052.848115864885,16052.631578947368,20480.820049697944
Dindoshi,3,25797.31135043466,25801.749271137025,26389.252388706693
Uttan,3,7971.364221364221,6250.0,23452.00776570785
Peddar Road,3,48699.09277358858,43410.8527131783,77061.45206281518
Kalina,3,37615.04635131923,36000.0,32986.05602408335
Vakas,3,3789.5238095238096,3840.0,3820.3152207999997
Charni Road,3,57266.36016602351,70800.28984685196,57089.39624824354
Palava,3,5304.074454013619,5269.461077844311,5483.593326953435
Pali Hill,3,90804.79964806656,115004.76124031008,79040.81339647296
Ram Mandir Road,3,15090.216393066237,14838.709677419354,18584.041384806435
Mira Bhayander Road,3,9654.69288389513,9827.0,10919.170194743061
Sector 19 Kharghar,3,11893.939393939394,12500.0,11526.858645849803
Thakur Village,3,43257.73170569982,36328.0,38675.41967021053
Chinchodyacha Pada,3,7609.001406469761,8333.333333333334,7396.914939469762
Old Panvel,3,6796.892842579189,6795.048143053645,6859.342292515558
New Rajaram Wadi,3,22119.667618746967,22325.58139534884,23589.86182819858
Sakinaka,3,27219.976006682777,27380.949353448275,28858.19105520046
Sector 17 Ulwe,3,9405.101617490998,10341.880341880342,9231.622346843587
Kolshet Road Thane,3,9682.311621966795,8853.68126747437,10419.330539228884
Lbs Marg Mulund,3,17819.612507245318,18145.95660749507,22214.581754997063
Kasheli,3,4244.266922864333,4137.931034482759,6759.1411085408
Khalapur,3,5422.723475355055,5952.380952380952,5690.98494721526
Lokhandwala Complex,3,24674.08744484557,25000.0,25042.840808686964
Lodhivali,3,3848.863871519377,4007.1942446043167,5982.576949664578
Sector 21 Ghansoli,3,10796.946068875892,10964.912280701754,10396.111141694952
Shivkar,3,5737.979273439003,5277.950310559007,5687.141711529953
Eksar,3,39945.41824998081,41406.2498060512,35633.243109078336
Kiravli Village,3,5689.484126984127,5714.285714285715,5778.770245272232
Sher E Punjab Colony,3,28753.0,29138.0,28232.08020477872
Parel Village,2,27460.31746031746,27460.31746031746,26320.594345340163
Additional M.I.D.C,2,4236.9551872314305,4236.9551872314305,4178.170401107487
Adarsh Nagar,2,72716.34615384616,72716.34615384616,67756.82978480817
Battipada,2,24634.54972257789,24634.54972257789,25772.80028073288
Sector15 Ghansoli,2,14487.781954887218,14487.781954887218,14015.261228359297
Dn Nagar,2,46092.952406015036,46092.952406015036,40181.2170218181
Kanjur Village,2,29183.37690619284,29183.37690619284,27480.35072207996
Tagore Nagar,2,18989.11206896552,18989.11206896552,20938.897535901953
Karanjade Panvel,2,5418.620520716685,5418.620520716685,5794.6490104516615
Kannamwar Nagar 1,2,22024.56451612903,22024.56451612903,23153.009335514616
Jawhar,2,14435.660957400089,14435.660957400089,10682.9389120041
Gokuldham Colony,2,22876.414547938697,22876.414547938697,27935.835406493443
Shilgaon,2,5785.2316602316605,5785.2316602316605,5994.43828373338
J B Nagar,2,25677.083333333336,25677.083333333336,24850.295303605148
Ghansoli Gaon,2,3909.090909090909,3909.090909090909,5205.146498892812
Chikan Ghar,2,7495.2686718485975,7495.2686718485975,7490.3500281626675
Ekta Nagar,2,12560.975609756097,12560.975609756097,12595.410731707318
Ghati Pada,2,24993.058091889,24993.058091889,27402.942785562096
Shri Hari Nagar Kalyan,2,3475.6447636523285,3475.6447636523285,3523.23575103286
Shreyas Colony,2,49173.42969060919,49173.42969060919,42227.45098169348
Ibhadpada,2,5547.619047619048,5547.619047619048,4556.947892063492
Ghodbunder Road,2,12600.0,12600.0,17006.924361999998
Subhash Nagar,2,26440.523920013788,26440.523920013788,30421.531526979885
Sindhi Society Chembur,2,32254.235507246376,32254.235507246376,33062.30247291249
Yogi Nagar,2,19599.056603773584,19599.056603773584,19785.674018937887
Haji Malang Road Kalyan E,2,3750.0,3750.0,4096.3464772727275
Patlipada,2,11663.685152057245,11663.685152057245,12689.412267692362
Sector 8 Charkop,2,17859.59438377535,17859.59438377535,19411.9100551918
Kharodi,2,18644.400069298175,18644.400069298175,17908.507301488356
Sector-15 Ghansoli,2,10691.018001049804,10691.018001049804,10377.775161294834
Sector-14 Koparkhairane,2,12800.0,12800.0,13666.202368990073
Sector-12 Kamothe,2,7770.872567482737,7770.872567482737,8179.798913257192
Sector 6 Kamothe,2,8193.5,8193.5,8281.019054510194
Lbs Marg,2,48369.12438220758,48369.12438220758,28752.426158259543
Kasar Vadavali,2,9435.483870967742,9435.483870967742,8789.18680402712
Maneklal Estate,2,16756.756756756757,16756.756756756757,21443.938516974442
Ashok Nagar,2,20846.153846153844,20846.153846153844,20540.407834069596
Lonavala,2,13475.831076798986,13475.831076798986,13040.693544179103
Chinchpada Gaon,2,2967.1481826654244,2967.1481826654244,3552.710695246971
Savitribai Phule Nagar,2,16507.46114524707,16507.46114524707,19898.694256264756
Sector 19 Kamothe,2,7898.64230519246,7898.64230519246,8351.752549109471
Sector 11 Koparkhairane,2,11912.350597609562,11912.350597609562,12239.052124834
Marine Drive,2,114175.60281758572,114175.60281758572,85488.55421966169
Mogra Pada,2,27258.823500491642,27258.823500491642,28892.272332621782
Kolshet Road,2,10347.222222222223,10347.222222222223,12446.716384547068
New Panvel Navi Mumbai,2,4697.368421052632,4697.368421052632,5322.88497981513
Sabe Gaon,2,4430.434782608696,4430.434782608696,4435.862154492754
Madh,2,21522.727272727272,21522.727272727272,22705.839134657574
Muthaval,2,3651.515151515152,3651.515151515152,5587.68711111111
Nandivali Gaon,2,3600.7249615174537,3600.7249615174537,3794.8865385570284
Manor,2,5943.19638242894,5943.19638242894,6924.4244464082685
Navade,2,5490.896358543418,5490.896358543418,6156.066854918747
Rohinjan,2,9414.564493098525,9414.564493098525,8106.70952561008
Breach Candy,2,77619.04761904762,77619.04761904762,66855.26706190477
Usarghar,2,5730.172413793103,5730.172413793103,5562.682859004917
Umerkhadi,2,16037.735849056604,16037.735849056604,17886.885054288443
Palidevad,2,5265.432098765432,5265.432098765432,6168.348413727221
Padgha,2,1074.1910631741139,1074.1910631741139,1625.8274058576076
Pant Nagar,2,24283.910925264798,24283.910925264798,25761.896472414606
Pisarve,2,5009.075907590759,5009.075907590759,5541.670385619338
Chakala,2,30000.0,30000.0,33196.89688643541
"Anand Nagar,Dahisar",2,20221.0,20221.0,19918.817950274788
Naupada,2,50876.854772753824,50876.854772753824,30952.319099556342
Adharwadi,2,7277.669902912621,7277.669902912621,7256.768294409385
Natakwala Lane,2,21876.470588235294,21876.470588235294,22288.971079696705
Anand Nagar,2,32000.0,32000.0,34342.14810722541
Asalpha,2,17397.435897435895,17397.435897435895,18895.695988058542
Agasan Village,2,31148.28431372549,31148.28431372549,26489.17247654085
Altamount Road,1,77777.77777777778,77777.77777777778,86739.6813
Amboli,1,25454.545454545456,25454.545454545456,24329.35332864461
Arya Nagar,1,61666.66666666666,61666.66666666666,60555.70524333333
Vidya Vihar,1,22857.14285714286,22857.14285714286,22135.85262089963
Vijay Nagar,1,5000.0,5000.0,5565.70623731444
Vikhroli Park Site,1,4666.666666666667,4666.666666666667,10845.767066666667
Vikramgad,1,3846.153846153846,3846.153846153846,6518.9875
Vinobha Bhave Nagar Kurla,1,20000.0,20000.0,23338.686235760124
Parksite Colony,1,15277.777777777776,15277.777777777776,20543.776226763664
Perry Cross Rd,1,53846.15384615384,53846.15384615384,49898.61538461538
Pokhran Road No 2,1,11643.835616438357,11643.835616438357,15855.506306849316
Police Colony,1,18888.88888888889,18888.88888888889,20720.12784217499
Oshiwara Police Station Road,1,29090.90909090909,29090.90909090909,44318.46855090909
Owale,1,9118.54103343465,9118.54103343465,8875.234365282507
P L Lokhande Marg,1,13253.012048192772,13253.012048192772,13616.231461014047
Padle Gaon,1,6393.44262295082,6393.44262295082,6187.006838191582
Pakhadi,1,9333.333333333334,9333.333333333334,13686.36561189418
Panch Pakhadi,1,20740.74074074074,20740.74074074074,18252.59259259259
Navapada,1,6981.132075471698,6981.132075471698,6161.421203638814
Navgharh,1,6371.681415929204,6371.681415929204,6016.268103342085
Navpada Vile Parle,1,38947.36842105263,38947.36842105263,38895.353847953214
Nehru Nagar,1,18823.529411764703,18823.529411764703,20577.66827409228
"Nehru Nagar, Kanjurmarg",1,29411.75974025974,29411.75974025974,26901.683098930826
New Panvel Karanjade,1,4836.0,4836.0,6870.186053042122
Railwaycolony,1,9793.814432989691,9793.814432989691,7103.0148373172005
Ramchandra Lane,1,24074.07407407408,24074.07407407408,21907.765586460304
Residential Flat Virar,1,4307.692307692308,4307.692307692308,4873.736923076923
Roadpali Navimumbai,1,7750.0,7750.0,9723.517803629202
Sahkar Nagar,1,17142.85714285714,17142.85714285714,17816.157637310745
Sai Baba Nagar Lane,1,22500.0,22500.0,23079.650529743438
Mulund Mumbai,1,13478.260869565218,13478.260869565218,16352.499447775132
Murarbaug,1,7458.333333333333,7458.333333333333,6946.011124444445
Nagpada,1,23000.0,23000.0,26044.383333333328
Napean Sea Road,1,132375.18967334036,132375.18967334036,115892.84727081138
Mira Bhayandar,1,7857.142857142857,7857.142857142857,8589.187857142855
Mount Marry,1,56910.56910569106,56910.56910569106,52138.033365853655
Mulund Gavanpada,1,16046.511627906975,16046.511627906975,18376.78587758441
Louis Wadi,1,11818.181818181818,11818.181818181818,12056.036473829205
Madanpura,1,17241.379310344826,17241.379310344826,19725.04762145947
Malad Mithchowki,1,15238.09523809524,15238.09523809524,16861.250643789877
Mandvi,1,19540.22988505747,19540.22988505747,26091.277480459776
Manjarli,1,1900.0,1900.0,2783.2608
Sarsole,1,16997.167138810197,16997.167138810197,17555.91306652669
Satpati,1,2692.3076923076924,2692.3076923076924,2896.9478846153843
Sector 12 Kharghar,1,7761.194029850746,7761.194029850746,7779.616811834767
Sector 16 A,1,20312.5,20312.5,19841.686855293807
Sector 16 Vashi,1,23350.2538071066,23350.2538071066,17949.72881288592
Sector 17 Vashi,1,20833.33333333333,20833.33333333333,14351.091310761729
Sector 18 Kharghar,1,3913.0434782608695,3913.0434782608695,5231.653810878512
Kon,1,4890.10989010989,4890.10989010989,5026.411417582417
Kongaon,1,5000.0,5000.0,6424.688143405622
Koparkhairane Station Road,1,14608.695652173914,14608.695652173914,14046.811594202898
Lic Colony,1,14705.882352941177,14705.882352941177,16265.768977272728
Lokhandwala Andheri,1,53593.27217125383,53593.27217125383,34165.06801732926
Khanda Colony,1,12115.384615384615,12115.384615384615,10373.824416666668
Khar Danda,1,8666.666666666666,8666.666666666666,43380.8099345044
Kolegaon,1,5000.0,5000.0,4731.7323809523805
Sector 19 Ulwe,1,7272.727272727273,7272.727272727273,8083.595095385914
Sector 2 Charkop Kandivali,1,16000.0,16000.0,17165.85282607878
Sector 21 Kharghar,1,13437.5,13437.5,13045.566
Sector 21 Nerul,1,18333.33333333333,18333.33333333333,18391.376825487176
Sector 22 Kamothe,1,8275.862068965518,8275.862068965518,7899.861320200475
Sector 23 Ulwe,1,7482.014388489209,7482.014388489209,7440.240371441345
Sector 30 Kharghar,1,6259.097525473071,6259.097525473071,6834.380353286036
Sector 44 Seawoods,1,16180.904522613066,16180.904522613066,17104.720100502513
Kalyan Shilphata Road,1,5200.0,5200.0,5358.894086184425
Kamathipura,1,35000.0,35000.0,39108.33144333333
Kanjur Marg,1,18951.612903225807,18951.612903225807,22086.32696648626
Sector-20 Koparkhairane,1,14191.106906338697,14191.106906338697,13148.520573006395
Sector-3 Ghansoli,1,12068.96551724138,12068.96551724138,12846.070909838389
Sector-50 Seawoods,1,13846.153846153846,13846.153846153846,12606.076366024929
Sector-9A Vashi,1,18181.81818181818,18181.81818181818,16904.993492368198
Sector13 Kharghar,1,7666.666666666667,7666.666666666667,7896.944444444443
Sector20 Koparkhairane,1,12063.492063492064,12063.492063492064,11793.634960390007
Sector35D Kharghar,1,9154.228855721392,9154.228855721392,7913.969353233831
Shahpur,1,4552.980132450331,4552.980132450331,5318.240195456218
Irani Wadi,1,17833.333333333332,17833.333333333332,20875.558666345496
Jambli Naka,1,7500.0,7500.0,9303.618165735124
Jari Mari,1,7428.571428571428,7428.571428571428,11084.285714285714
Jawahar Nagar,1,20000.0,20000.0,22136.91520425409
Joveli Gaon,1,3539.823008849557,3539.823008849557,3719.027506736136
Juhu Tara,1,50000.0,50000.0,41271.54026785715
Gorai 1,1,17272.727272727272,17272.727272727272,17604.029720651542
Gorai 2,1,11333.333333333334,11333.333333333334,15932.620320509672
Haranwali,1,2272.7272727272725,2272.7272727272725,2870.017709090909
Haware City,1,7142.857142857143,7142.857142857143,9320.723968707483
Hiranandani Meadows,1,18571.42857142857,18571.42857142857,18298.285714285717
Gawand Baug,1,14030.61224489796,14030.61224489796,14981.258011904762
Ghodbunder Thane,1,10344.827586206897,10344.827586206897,9999.0171875
Shirgaon,1,4615.384615384615,4615.384615384615,4310.2256214896215
Siddhartha Nagar,1,34750.0,34750.0,24764.86997
Sion Koliwada,1,24285.714285714286,24285.714285714286,24119.461611582068
Taloja Panvel,1,7125.0,7125.0,7200.140183333333
Taloja Phase 2,1,4615.384615384615,4615.384615384615,7911.21748351922
Dahanu,1,2029.520295202952,2029.520295202952,3373.067841328413
Damat,1,3164.554430379747,3164.554430379747,3934.5288189873418
Dattapada,1,20000.0,20000.0,22652.51807637859
Devad,1,3142.8571428571427,3142.8571428571427,4082.6
Dharavi,1,21666.666666666668,21666.666666666668,22788.448912506046
Dighe,1,16019.417475728156,16019.417475728156,15382.999661631677
Dockyard Road,1,23809.52380952381,23809.52380952381,23204.087500615697
Charkop Sector 8,1,15000.0,15000.0,15671.867946344397
Chinchpada,1,3428.5714285714284,3428.5714285714284,3803.872276190476
Crawford Market,1,17333.333333333332,17333.333333333332,26284.204367676764
Tembhode Palghar,1,3000.0,3000.0,2947.495327102804
Thane Diva,1,2592.5925925925926,2592.5925925925926,8249.908535899935
Uran,1,27822.222222222223,27822.222222222223,22585.7776
Bhuleshwar,1,24583.33333333333,24583.33333333333,31248.54353611111
Bkc Bandra,1,19531.25,19531.25,19094.28787755542
Bolinj,1,6400.0,6400.0,5967.0
Bopele,1,6666.666666666667,6666.666666666667,6680.009023077773
Borivali Old Mhb Colony,1,16666.666666666668,16666.666666666668,22630.00231129404
Cbd Belapur,1,8633.093525179856,8633.093525179856,7886.980016253663
Century Mills,1,12000.0,12000.0,16458.332388888888
Atgaon,1,2660.0,2660.0,3368.30884
Babhai,1,23636.36363636364,23636.36363636364,25156.80887006684
Bandstand,1,96296.29629629628,96296.29629629628,79511.11111111111
Bdd Chawls Worli,1,15942.028985507246,15942.028985507246,18872.553681159417
Beturkar Pada,1,6141.732283464567,6141.732283464567,6481.787622120334
Beverly Park,1,11623.931623931623,11623.931623931623,13136.684370326337
Bhakti Park Wadala,1,19354.83870967742,19354.83870967742,24288.64634050179
Usarghar Gaon,1,7894.736842105263,7894.736842105263,8170.672884210527
Vajreshwari,1,16461.53846153846,16461.53846153846,17042.965240393183
Vakola Pipeline Road,1,25000.0,25000.0,37171.67120745149
Vakola Santacuz E,1,35714.28571428572,35714.28571428572,32084.377038914627
Vakola Yashwant Nagar,1,25000.0,25000.0,27799.30455845444
Vallabh Baug Lane,1,19130.08695652174,19130.08695652174,18783.84253327245
Vazira Naka,1,13000.0,13000.0,15445.2
Veera Desai Road,1,22533.33333333333,22533.33333333333,21022.375783537263
Yari Road,1,27090.90909090909,27090.90909090909,26139.939927272728
Acc Cement Road,1,15037.593984962406,15037.593984962406,14105.661627469492
