locality,property_count,average_actual_price,average_predicted_price,MAE,average_percentage_error
Thane,5292,15752729.560090702,15768389.960137265,1279442.6263472196,8.157597614208655
Mira Road,3162,8756489.200189753,8820193.586796343,507211.22279126826,5.485675477754737
Kandivali,2039,18968270.140755273,19025200.722665485,1651339.5928664613,7.870504483005993
Andheri,2039,32177026.513487004,32831463.907135565,3208640.169866353,10.01411886027859
Kharghar,1904,13944158.674894959,13937217.384876784,1340030.3371083324,9.830475797781455
Dombivali,1872,6019099.077991453,6042000.585972353,368987.4349755193,6.761767200453093
Kalyan,1738,6488893.773302646,6507935.078631237,494181.02826155163,8.243563091901828
Borivali,1678,21028985.29261025,21094895.421244454,1431305.653254276,7.0970820923544595
Chembur,1591,23728073.331238214,23859267.579007994,1918936.923887369,8.420595795199603
Malad,1522,19380559.951379765,19652499.820541218,1440471.3661954636,7.663079568027491
Mulund,1446,22167469.194329184,22172911.882599205,1536540.1884825663,7.109474886385412
Goregaon,1287,22048793.246309247,21942854.59650382,1961438.0378311556,8.888092607483918
Panvel,1227,9415466.048899755,9393656.339897662,1091346.8347409444,12.175915210970889
Ulwe,1140,8630548.6,8777457.059337374,672610.634340902,7.488558406053176
Ambernath,981,3376406.0774719673,3404315.682807275,208498.67706213833,5.975973828439847
Powai,917,33571450.91384951,33129967.69968715,3010368.776746482,8.611612088165396
Ghatkopar,906,19610575.32339956,20042085.619144503,1667636.0779156592,8.473652406725456
Vikhroli,900,15292905.892222222,15242886.657223295,1128690.1171993446,6.389058829531384
Virar,771,4607453.2516212715,4633257.370786507,314788.2549724538,7.372574391327553
Vasai,752,6192469.578457447,6450925.066190417,629453.7605380255,8.136896132338988
Kanjurmarg,731,19156875.08618331,19387365.809527136,1496757.7258313212,8.069307809673237
Bandra,708,65745892.629943505,66058433.53405986,6141641.559203208,7.942636064904382
Naigaon,688,4367745.165697674,4419061.353170126,249931.95895741365,5.198415267010125
Bhandup,673,12984858.19167905,13152069.070608947,968220.9569810126,7.995402152873146
Wadala,617,34636142.384116694,34530167.46577183,2594967.2199394885,8.096803214144119
Taloja,617,4863736.424635332,4892141.347192513,356769.18089627655,7.289672635446353
Koper Khairane,536,14245791.509328358,14554227.593389891,1217938.759416961,9.175165361813484
Jogeshwari,534,16639818.730337078,16875161.87981094,1058426.6314248382,6.648363275008449
Kurla,531,14121871.517890772,14344258.299064001,774232.643384689,5.525331457247825
Santacruz,527,41941260.22580645,42219865.04948906,3673476.232147449,9.169500131651542
Sion,489,31370674.44580777,31270311.583178505,2451033.4538716488,8.319741931683538
Kamothe,471,8298808.81104034,8321411.030410755,448201.47681356786,5.683043078289688
Byculla,471,54547664.67940552,54941922.74150716,3710827.245556828,7.618875919605914
Badlapur,471,2978721.3588110404,3008128.6259449106,238749.20198744087,6.9661000971050075
Ghansoli,455,16503468.057142857,16573939.00680591,1081130.073879323,7.824027207254843
Dahisar,453,13417642.05960265,13322890.196874036,1000337.4693052759,6.503758819198671
Bhayandar,411,8421124.785888078,8488570.739590881,548658.7310648877,6.311218495621404
Bhiwandi,365,5423412.668493151,5565934.155737764,432322.46737236576,10.621538179758678
Nerul,351,28457036.683760684,28306187.669556506,3786388.9109582147,11.811667868526856
Lower Parel,349,80910116.76217765,82149005.38664833,8450373.16356969,10.99671799175538
Nala Sopara,342,3760640.8859649124,3780343.51973152,174875.93293845726,4.904134441254832
Neral,341,3201303.3782991203,3211307.6778359637,264331.1402616022,7.049943007822562
Seawoods,338,27530344.171597634,27279295.85281544,2359131.8319062646,9.065125800778945
Dadar,336,43904604.02380952,44138853.03020559,3783107.476714853,8.88835401167585
Ville Parle,331,34689733.8429003,34654420.29694833,2490100.643164704,7.930291747712604
Parel,277,47322196.24548736,47780733.73949367,3895316.5987184695,8.272932477330865
Karjat,268,8992894.656716418,9447759.992176557,1352736.2071854416,11.79776295794672
Matunga,260,50402287.015384614,49711784.49426642,3489496.110198657,8.738188860860584
Vashi,248,24497726.56451613,24496500.537148576,2126042.659182113,10.483052747349422
Airoli,240,13415897.316666666,13639599.850697618,972014.2614211641,8.116784715106117
Dombivli,235,5211226.961702128,5236871.947666335,359728.0440998701,7.929852786018231
Prabhadevi,208,89572430.82692307,88292261.72299398,12726713.174400717,12.080290945317186
Worli,188,130346638.55851063,130330374.54776232,15717938.544048885,12.912210370782065
Sanpada,183,25722713.786885247,25120197.159780946,2444387.522487857,11.351279199846593
Juhu,179,128343346.16201118,125983127.15447561,13307066.606772238,9.953669504791515
Mahim,170,37343105.38823529,37347161.014281325,2759780.58440719,7.872893644632055
Kalamboli,166,8002448.656626506,8044090.170262573,329951.2568087589,4.155016150146624
Mahalaxmi,165,87165367.97575757,89317396.28363408,8785316.648985377,9.01291867399497
Kalwa,164,8859017.371951219,9082407.79445372,847542.8223953898,10.773254184635293
Shil Phata,150,5434225.846666667,5514381.2678588,439051.74019725027,8.60638953029238
Khar,136,82287742.64705883,82848377.14208952,6271241.905439892,8.476048895705507
Titwala,134,3310102.537313433,3342139.9216939113,235976.29881781567,7.240651276195701
Vile Parle,126,79028703.28571428,79684223.17966792,6365038.757091962,8.669249293785374
Karanjade,123,5056663.772357724,5238420.413846948,306281.83724996774,6.6882581629241065
Deonar,116,38142948.72413793,37768565.80792898,3399983.2662926926,479.90327195545353
Palghar,108,2566086.777777778,2587345.9445925923,242617.6479423868,8.739523862775954
Boisar,107,3106174.2056074766,7227650.554807892,4362115.84847352,37.279389588310664
Belapur,92,21172898.68478261,20903361.72967391,1839759.2454323675,9.883871983062406
Nalasopara,90,4101430.222222222,4435232.17874368,816481.3016643152,22.54720081702973
Kasaradavali Thane,85,6862294.011764706,7026657.854326611,481769.54210177396,7.745253448758273
Vikroli,84,9767371.42857143,10048252.50447808,706132.1842626607,8.575167268666469
Girgaon,84,35631051.27380952,38327710.55892139,6440958.515536281,20.648629854241875
Anjurdive,77,7521017.324675324,7707752.712881879,517446.40962069674,6.558480189531673
Tardeo,76,130205779.80263157,133227178.7948772,18911765.420210525,13.919692724321177
Taloje,75,4471794.666666667,4552695.25324762,323784.5386677249,8.84460447747395
Dronagiri,68,6091055.882352941,6462764.794836601,599523.3026797386,9.849714768662173
Thakurli,63,5810388.968253968,5730915.523029479,285545.1960806248,4.741847663897268
Sewri,61,40265319.26229508,41955525.18924607,2600974.116552173,15.933796445952364
Hiranandani Estates,54,20328550.296296295,19310798.19091515,2039811.097848325,9.344333215762662
Nahur,48,20127886.520833332,20197476.860289905,1042317.1729012346,5.371876662973276
Colaba,46,127557024.63043478,122669475.37680297,13009709.313508283,13.359812225454384
Ulhasnagar,46,7579848.695652174,7307411.893305728,527613.9780814353,7.493984529697808
Khopoli,44,6035955.409090909,6074193.787752525,912577.9725,14.873173251987323
Agripada,40,38546322.5,41270546.39100556,9118135.520494442,15.833734562811099
Malabar Hill,36,281158008.5,264504247.9223673,30633840.59297222,10.149267216082398
Marine Lines,33,143704003.9090909,148497595.200823,19798350.617776334,24.46452963094269
Mazagaon,32,26936171.875,28722217.436453868,2579846.992134425,9.338339316905197
Ambarnath,27,2983333.3333333335,3078949.782427984,219408.52893004115,7.595555486195413
Fort,26,27565656.192307692,27425808.320323564,1298782.653485958,4.10775710089489
Juinagar,26,17562761.53846154,18187681.22792735,1109743.1242521366,6.5016091257942215
Bandra Kurla Complex,25,141413702.44,123075746.46057777,19492890.258355558,7.279396171593951
Cumballa Hill,25,95640000.0,95087808.4254857,7191168.422260318,8.626123639261978
Mumbra,24,3020593.7083333335,3466814.9279806,674336.0284479717,34.053801169078646
Chinchpokli,24,32352322.5,35672203.78196759,3739891.1229861113,11.108767181070803
Saphale,22,2133563.727272727,2132691.098484848,83966.92878787882,4.282872463224755
Kolshet,22,12722727.272727273,12502454.549314575,1032285.9444227994,7.505257436335722
Shilphata,21,5013259.523809524,5028780.664571429,164413.1327195766,3.1737871866575382
Mazgaon,21,36157142.85714286,38829603.61537415,3201807.173469388,9.292514436228442
Vevoor,21,2142095.238095238,2207096.65026455,199527.1954497354,11.026047327424413
Vile Parle E,19,39431736.84210526,37243744.39040936,2846257.036959064,6.179450335347694
Diva,19,3306684.210526316,3047297.301111111,437210.2291812866,14.5535120720787
Rabale,17,4485294.117647059,5056098.4273202615,1114403.6798692811,29.069200319746507
Nere,17,2122352.9411764704,2138457.3311484596,94585.59414254595,4.235326523943075
Rasayani,17,3589705.882352941,3538139.1329131653,659559.4199719889,14.960948879761249
Cuffe Parade,16,133624988.125,118856814.28344445,19682979.708638888,11.378496661560426
Shahapur,16,3206125.0,3507326.21625,490342.47125,19.490899446803265
Majiwada,16,25912500.0,24847785.85609127,1668802.5541468258,5.4879118208600115
Vangani,16,2569671.5,2802498.8275,327353.2444444445,14.225305199893373
Vasant Vihar Thane,16,19656250.0,20030338.140555557,483754.8072222223,2.476767717968988
Tilak Nagar,14,14601395.714285715,15128322.630385488,870385.1741950115,5.5619196975139005
Navghar,14,10798790.714285715,10100701.4045582,882181.6087433862,10.024287801872157
Manpada,14,23957142.85714286,27263589.01063492,4833794.854444444,14.162269774645237
Charkop,13,14933052.923076924,15265702.446654458,646747.0846031749,4.048850776288278
Kolhare,13,2873243.076923077,2854219.5124786324,108434.76854700857,3.8698395692332204
Diva Gaon,12,3457083.3333333335,3537348.106825397,391234.28423280426,12.684536436168173
Greater Khanda,12,8466666.583333334,8326705.431018519,641594.3028703704,9.739760096843579
Jacob Circle,12,72375000.0,70330374.26963492,4664093.8286984125,7.667777835528173
Magathane,12,18449637.333333332,18965605.66047222,1070367.1430648149,6.524836050567789
Juhu Scheme,11,195227272.72727272,150444215.99702743,56388758.64868686,21.459440379167084
Chandivali,11,20826680.545454547,20528501.67709091,646627.1629090909,2.8853368318258674
Versova,11,19080743.636363637,18524324.181789324,1930208.41030303,80.43653234316572
Govandi,11,12453272.727272727,13316550.310505051,1135140.928686869,11.68045470855829
Saki Naka,10,14410000.0,15148997.360777777,1322034.3207777778,8.877320553618558
Jvpd Scheme,10,110413268.5,103414164.31311111,8748967.22111111,7.515644906888371
Sector 21 Kamothe,9,10577777.777777778,10271396.683703704,598425.0925925927,5.815744426292621
Nilje Gaon,9,8879999.111111112,7788938.38845679,1504163.849567901,14.795512128702525
Shelu,8,1943750.0,2134030.9655555557,263165.0622222222,13.691479696343318
Koproli,8,4500381.25,4755449.092579366,328893.5848015878,4.035618847585756
Desale Pada,8,2181250.0,2507616.9741666666,353871.41861111106,10.836517182285181
Pisavli Village,8,2098750.0,2352557.605555556,253807.60555555555,9.93258044080919
Mumbai Central,8,18975000.0,23359158.094722223,4465452.539166667,45.49711251737476
Umroli,8,2422315.25,2501192.925694444,355621.18569444446,20.196177915764213
Kewale,8,3631375.0,4035195.985,478320.8650000001,13.590134616185702
Marol,7,30236933.14285714,29876240.02095238,1282512.8400000005,4.860602436459048
Ambivali,7,12933314.285714285,12110156.24984127,1797020.569206349,11.409787213903531
Vichumbe,7,4271428.571428572,4739837.472634921,468408.9012063494,12.286954936052144
Hendre Pada,7,2478571.4285714286,2364660.321904762,127076.62666666674,5.550334253256343
Kalbadevi,7,26761731.0,29438719.053968254,3079012.193015873,11.299885390021315
Panch Pakhdi,7,27329054.285714287,29930045.78374603,2814317.9013333325,9.80585126635728
Ambivli,7,3462942.5714285714,3319738.1723809526,416258.88857142854,13.058497653775927
Makane Kapase,7,1575428.5714285714,1619380.8009523808,46546.35904761903,2.6761690460900818
Asangaon,6,2081000.0,1999015.0517460315,153863.53492063502,8.475213300292454
Jvlr,6,21627227.666666668,21580654.764444444,365205.6199999992,1.698453551401152
Hariyali,6,10528421.5,10801532.681296296,287974.60611111094,2.7780912483298685
Khadakpada,6,8800000.0,9687305.71222222,1091249.1788888883,10.375848731407494
"Siddharth Nagar, Goregaon",5,11963995.2,12362136.308904761,1150069.3995714285,8.513956863077212
Jambrung,5,9138460.0,8724819.201333333,916606.9799999999,9.931273316363127
Shivaji Park,5,53100000.0,50891110.381333336,2601245.1742222263,4.504583059946632
Evershine Nagar,5,41536984.2,47817467.230222225,7260914.623111111,11.634670315682643
Ern Express Highway Vikhroli,5,11840000.0,11395407.373333333,746459.293333333,6.2626607239886525
Sai Samarth Mitra,5,6440000.0,6323240.297333334,283826.36933333334,4.4015379003519355
Sagaon,5,2080000.0,2084399.2955555555,56428.62888888894,2.6465697812284357
Churchgate,5,506890406.2,491720227.8626667,81335501.3388,20.937275886975524
Chincholi Bunder,4,40023833.0,40118215.51291667,2162123.227083333,4.688303857446663
Antarli,4,9625000.0,9535647.281666666,480140.31499999994,5.461988566771159
Pokhran 2,4,17500000.0,18374719.23,874719.23,5.705777060317461
Mumbai,4,6597500.0,11978085.489444444,5380585.489444444,329.9673875460675
Balkum,4,12600000.0,15668013.131555555,3188826.3715555556,21.898458413938506
Hiranandani Gardens Powai,4,56309924.25,54945715.84166667,5527347.282777777,11.955476645875873
Patil Nagar Vasind,4,2875000.0,2884513.0422222223,195940.99777777784,9.695356251618751
Sector-9 Ulwe,4,10725000.0,10637388.88888889,509388.88888888946,4.675982207123447
Sambhaji Nagar,4,55290000.0,49013208.12,6276791.880000002,11.031226309614349
Murbad,4,11143000.0,10437201.739444444,3235892.169444444,47.57966928767636
Grant Road,4,41000000.0,44348420.163888894,4795444.786111111,11.614624108361202
Worli Sea Fase,4,69950000.0,74046032.28444445,6675982.220000001,8.476756228669801
Antop Hill,4,8800000.0,9969343.967777777,1564903.6455555551,40.33361332706203
Sector 5 Ghansoli,4,8450000.0,9553115.0,1402114.9999999998,16.408634276951368
Santosh Nagar,4,2637500.0,2717006.25,141739.58333333337,6.615894851672604
Mankhurd,4,23100000.0,30108670.380000003,7008670.380000001,46.0587071151341
Khardi,4,1825000.0,1781689.0372222222,322646.4594444444,21.69584082341269
Lalbaug,4,44350000.0,45228206.79259921,2283125.119265875,6.4579662920156204
Oshiwara,4,26531772.0,26814631.981333334,1376303.4219999993,4.951413950055733
Napeansea Road,4,101875000.0,117697613.79266666,17911285.792666662,36.72618289349123
Vasind,3,1550500.0,1633211.477777778,131085.53555555557,12.072040405017923
Rabale Station Road,3,1866666.6666666667,3753608.148148148,1886941.4814814813,88.79075869809202
Nallasopara W,3,3666666.6666666665,3925319.648148148,366141.288148148,9.05075404938271
Anushakti Nagar,3,9500000.0,13837068.549629629,4337068.549629629,44.07817106548661
Bolinj Naka,3,2350000.0,2527614.461481482,177614.46148148165,7.7294622000000075
Ulhasnagar 4,3,4533333.333333333,5155999.945714286,622666.6123809522,13.300580711193566
Gamdevi,3,91333333.33333333,84266514.3911111,7066818.9422222255,6.877022774985403
Chedda Nagar,3,8318518.333333333,10300192.042222222,1981673.708888889,29.144874954745546
Dindoshi,3,24050795.333333332,24527081.60888889,894705.0755555555,3.564491324928482
Uttan,3,18333333.333333332,89498741.83999999,72116659.1111111,453.57683746666663
Peddar Road,3,160833333.33333334,260248676.75044444,101800684.32377778,72.35435316648149
Kalina,3,35669333.333333336,30826103.70940837,4843229.623924966,13.261580674981014
Vakas,3,4933333.333333333,5021996.391111111,94885.27999999996,2.0887049343434336
Charni Road,3,148555398.33333334,148150672.39333332,1522379.237777778,1.8777906410228997
Palava,3,4633333.333333333,4726458.017777778,168850.14222222226,4.072379031265032
Pali Hill,3,189335622.33333334,166170234.45333335,23165387.880000006,10.693557631411784
Ram Mandir Road,3,10066666.666666666,12541165.60021164,2474498.933544973,20.40710723179974
Mira Bhayander Road,3,6799886.666666667,7565486.652592592,813744.8748148152,14.425026135183115
Sector 19 Kharghar,3,18000000.0,17682586.866666663,918302.0222222218,5.2383165432098755
Thakur Village,3,87933216.0,77674368.79111111,11625290.973333336,10.860295651094326
Chinchodyacha Pada,3,5166666.666666667,5046882.645993266,282874.0119191916,4.774716097296188
Old Panvel,3,4850666.666666667,4883671.084444445,286032.8622222223,5.937046544223222
New Rajaram Wadi,3,14657196.666666666,15583329.75111111,926133.0844444446,6.453891743195348
Sakinaka,3,19386494.333333332,20444999.062962964,1058504.7296296295,4.967708164279213
Sector 17 Ulwe,3,10866666.666666666,10594268.88888889,1022931.1111111107,10.591050767414401
Kolshet Road Thane,3,20333333.333333332,22666740.266666666,2333406.933333333,7.018019753697968
Lbs Marg Mulund,3,32666666.666666668,41342333.42730159,8675666.760634923,23.09576775122757
Kasheli,3,2933333.3333333335,4545207.215555556,1611873.8822222224,56.0015032624018
Khalapur,3,3000000.0,3319700.862222222,596263.1644444444,19.875438814814814
Lokhandwala Complex,3,98333333.33333333,114351817.33703703,17681727.993333325,12.95764502076382
Lodhivali,3,2936666.6666666665,4626353.694814815,1689687.0281481482,71.89172651841871
Sector 21 Ghansoli,3,7033333.333333333,6792666.666666667,335333.3333333333,4.711878289710866
Shivkar,3,3283000.0,3237787.2755555552,214662.83555555544,6.547482671047038
Eksar,3,33295056.0,30274608.884444445,3020447.115555556,10.630782865248081
Kiravli Village,3,4566666.666666667,4677098.1311111115,112162.57555555552,1.9590030635777467
Sher E Punjab Colony,3,18379850.666666668,18539488.922407407,426095.59018518653,2.141446058948094
Parel Village,2,12250000.0,11837483.128095238,1122112.3185714297,10.442313894903938
Additional M.I.D.C,2,3400000.0,3408832.3722222224,179560.96111111133,5.2812047385620975
Adarsh Nagar,2,106093750.0,100211920.80904761,5881829.19095239,5.1895076208044015
Battipada,2,18500000.0,19343103.09111111,843103.0911111105,4.627185403663001
Sector15 Ghansoli,2,10900000.0,10474111.11111111,715222.2222222225,5.931154684095861
Dn Nagar,2,37252590.5,32404486.307777777,4848104.192222221,12.204366704362073
Kanjur Village,2,44481339.0,41364249.64,3447213.880000001,5.83612272124672
Tagore Nagar,2,10102200.0,11047751.370000001,945551.3700000001,9.035711335499771
Karanjade Panvel,2,2927500.0,3210020.518888889,282520.5188888889,11.160413270011592
Kannamwar Nagar 1,2,12572661.0,13432115.196666665,934849.0899999989,6.15377397734702
Jawhar,2,9650000.0,6854117.493333334,2795882.5066666664,30.136389705479452
Gokuldham Colony,2,24000000.0,29012693.53,5012693.530000001,22.705532993643757
Shilgaon,2,3950000.0,4290809.446666666,682867.78,18.195161739879413
J B Nagar,2,25466000.0,24903610.497777782,562389.5022222195,2.0577170168205074
Ghansoli Gaon,2,2150000.0,2678746.6666666665,528746.6666666665,24.570072150072143
Chikan Ghar,2,6200000.0,6179357.784444446,20642.21555555472,0.3411401005530318
Ekta Nagar,2,5150000.0,5281224.014603175,131224.01460317522,2.557706165936472
Ghati Pada,2,22611206.0,24707897.936666667,2096691.9366666675,9.850794508146553
Shri Hari Nagar Kalyan,2,1465000.0,1476381.6666666665,11381.666666666628,0.7839476545511002
Shreyas Colony,2,46528923.0,39818172.46666667,6710750.533333333,13.415559409606367
Ibhadpada,2,7250000.0,5688819.916666667,1732591.25,19.049750263157897
Ghodbunder Road,2,63000000.0,80163964.24000001,17163964.240000002,27.244387682539685
Subhash Nagar,2,24744441.5,28272621.173333332,3528179.673333334,14.323613087608159
Sindhi Society Chembur,2,26609172.5,27061564.535714284,452392.03571428545,1.8273222808319622
Yogi Nagar,2,9250000.0,9369104.476666667,1036375.1433333331,12.241559190476188
Haji Malang Road Kalyan E,2,1800000.0,1926142.5833333335,126142.58333333337,6.59624512987013
Patlipada,2,17000000.0,18074330.722222224,1074330.7222222225,6.960750470311581
Sector 8 Charkop,2,9594000.0,10510635.773333333,916635.773333333,9.020609972345515
Kharodi,2,12000000.0,12038634.609444445,1225532.057222221,10.44936819126983
Sector-15 Ghansoli,2,7450000.0,7210166.666666666,353833.3333333335,4.536503623188408
Sector-14 Koparkhairane,2,17750000.0,18721750.0,971750.0,5.805172413793104
Sector-12 Kamothe,2,7000000.0,7500769.482222222,546150.5177777777,6.774874360340154
Sector 6 Kamothe,2,5399970.0,5401422.363333333,39635.8366666669,0.734011947003697
Lbs Marg,2,29297058.5,17889588.142222222,11407470.357777778,32.69762770298581
Kasar Vadavali,2,6250000.0,5895144.685555555,422048.9611111111,6.160167587301586
Maneklal Estate,2,6200000.0,7788516.948333334,1588516.9483333337,25.62124110215054
Ashok Nagar,2,13000000.0,12881341.563333333,118658.43666666653,0.9151801219231628
Lonavala,2,24500000.0,24577356.684444442,3845108.7488888893,16.601864230214428
Chinchpada Gaon,2,1387500.0,1653398.6933333334,265898.69333333336,17.87932141843972
Savitribai Phule Nagar,2,12850000.0,15154114.280000001,2304114.2800000003,15.712176244360112
Sector 19 Kamothe,2,9275000.0,9876563.0,686705.0,7.67861093322466
Sector 11 Koparkhairane,2,14950000.0,15220333.333333334,450000.0,3.0672413793103446
Marine Drive,2,583683416.5,499117750.0061667,269223591.3538333,45.69020630948286
Mogra Pada,2,24969123.5,26434010.10666667,1464886.6066666674,5.42755450165746
Kolshet Road,2,8450000.0,10410242.483555555,2150602.4835555563,21.933645125410635
New Panvel Navi Mumbai,2,2835000.0,3120672.855555556,285672.855555556,10.208104840397713
Sabe Gaon,2,1450000.0,1581048.6366666667,168621.36333333328,11.330883095238093
Madh,2,83750000.0,99716606.39716667,15966606.39716667,13.678043382435899
Muthaval,2,2650000.0,3865547.3266666667,1215547.3266666667,52.79032758585859
Nandivali Gaon,2,1625000.0,1693051.111111111,68051.11111111101,4.011134525329922
Manor,2,10795500.0,10683395.399999999,1172908.1133333342,111.06985151485026
Navade,2,4650000.0,5158590.453333333,508590.4533333336,10.961043005003132
Rohinjan,2,9650000.0,8226959.996666667,1423040.003333333,14.970955376344083
Breach Candy,2,137500000.0,110706676.70111111,26793323.29888889,17.073434498518523
Usarghar,2,3449500.0,3335041.149166667,140385.51083333348,4.119194650415393
Umerkhadi,2,9100000.0,10068153.201111112,968153.2011111113,11.523367052525257
Palidevad,2,4475000.0,5244235.357777777,769235.3577777774,16.327615156785235
Padgha,2,612500.0,860324.99,247824.99,40.56610455395299
Pant Nagar,2,12450000.0,13229920.874444444,779920.8744444447,6.682044574450689
Pisarve,2,4000000.0,4434162.343333334,434162.34333333327,9.935137197717793
Chakala,2,28860000.0,32263445.686666667,3403445.6866666693,11.732716157461796
"Anand Nagar,Dahisar",2,9301660.0,9164673.07722222,160826.6749999998,1.520947020793539
Naupada,2,37900000.0,23105553.250396825,14794446.749603175,37.84374045532958
Adharwadi,2,3173000.0,3291438.34,516501.26,18.508173541773232
Natakwala Lane,2,14850000.0,15464118.296666667,933292.5633333335,5.5636023779308115
Anand Nagar,2,29029000.0,30893279.696666665,1864279.6966666654,6.298487120829273
Asalpha,2,10850000.0,11654491.353333334,804491.3533333335,7.407856799207025
Agasan Village,2,30850000.0,25595499.635555554,5254500.364444446,13.279174710658832
Altamount Road,1,210000000.0,222436560.49333334,12436560.49333334,5.922171663492066
Amboli,1,14000000.0,13668536.126666667,331463.87333333306,2.367599095238093
Arya Nagar,1,92500000.0,91619259.79333334,880740.2066666633,0.9521515747747711
Vidya Vihar,1,32000000.0,32152617.14666667,152617.14666666836,0.47692858333333865
Vijay Nagar,1,3500000.0,3884244.444444444,384244.44444444403,10.978412698412686
Vikhroli Park Site,1,700000.0,2197696.24,1497696.2400000002,213.95660571428573
Vikramgad,1,10000000.0,17094504.56,7094504.559999999,70.94504559999999
Vinobha Bhave Nagar Kurla,1,9000000.0,9967079.046666667,967079.0466666669,10.745322740740743
Parksite Colony,1,5500000.0,6716694.057777777,1216694.0577777773,22.121710141414134
Perry Cross Rd,1,70000000.0,66476507.61333334,3523492.386666663,5.033560552380948
Pokhran Road No 2,1,42500000.0,56580450.22,14080450.219999999,33.13047110588235
Police Colony,1,17000000.0,18001133.333333332,1001133.3333333321,5.88901960784313
Oshiwara Police Station Road,1,160000000.0,241351212.26333332,81351212.26333332,50.844507664583325
Owale,1,6000000.0,5846579.513333334,153420.48666666634,2.5570081111111054
P L Lokhande Marg,1,11000000.0,11371330.666666666,371330.66666666605,3.375733333333328
Padle Gaon,1,3900000.0,3821046.6466666665,78953.3533333335,2.0244449572649614
Pakhadi,1,7000000.0,9744681.684444444,2744681.6844444443,39.20973834920635
Panch Pakhadi,1,28000000.0,24101666.666666668,3898333.333333332,13.922619047619042
Navapada,1,3700000.0,3300780.0,399220.0,10.78972972972973
Navgharh,1,3600000.0,3433867.7333333334,166132.2666666666,4.614785185185184
Navpada Vile Parle,1,18500000.0,18401453.333333332,98546.66666666791,0.5326846846846914
Nehru Nagar,1,16000000.0,16329799.993333334,329799.9933333341,2.061249958333338
"Nehru Nagar, Kanjurmarg",1,18117644.0,17306304.070666667,811339.9293333329,4.478175690687668
New Panvel Karanjade,1,3099876.0,4749682.526666666,1649806.5266666664,53.221694244113834
Railwaycolony,1,9500000.0,6933913.553333334,2566086.4466666663,27.01143628070175
Ramchandra Lane,1,6500000.0,6688944.3,188944.2999999998,2.906835384615382
Residential Flat Virar,1,2800000.0,3246227.777777778,446227.777777778,15.936706349206355
Roadpali Navimumbai,1,4650000.0,5808500.0,1158500.0,24.913978494623656
Sahkar Nagar,1,18000000.0,18805333.393333334,805333.3933333345,4.4740744074074135
Sai Baba Nagar Lane,1,18000000.0,18102746.826666668,102746.82666666806,0.5708157037037114
Mulund Mumbai,1,15500000.0,18647777.77777778,3147777.77777778,20.30824372759858
Murarbaug,1,4475000.0,4238102.577777778,236897.4222222222,5.2937971446306635
Nagpada,1,11500000.0,12712000.0,1212000.0,10.53913043478261
Napean Sea Road,1,376872165.0,325806871.43333334,51065293.56666666,13.549765227863581
Mira Bhayandar,1,4400000.0,4877667.022222222,477667.0222222218,10.856068686868678
Mount Marry,1,35000000.0,32383990.68,2616009.3200000003,7.474312342857144
Mulund Gavanpada,1,6900000.0,7913641.814666667,1013641.814666667,14.690461082125609
Louis Wadi,1,19500000.0,20885328.0,1385328.0,7.104246153846154
Madanpura,1,11000000.0,12377072.666666666,1377072.666666666,12.518842424242418
Malad Mithchowki,1,16000000.0,17652000.0,1652000.0,10.325
Mandvi,1,8500000.0,12013318.226666667,3513318.2266666666,41.33315560784314
Manjarli,1,950000.0,1349051.1266666667,399051.1266666667,42.005381754385965
Sarsole,1,30000000.0,30877725.32,877725.3200000003,2.9257510666666677
Satpati,1,1400000.0,1463816.92,63816.919999999925,4.558351428571424
Sector 12 Kharghar,1,5200000.0,5071111.633333334,128888.36666666623,2.4786224358974276
Sector 16 A,1,32500000.0,32266644.0,233356.0,0.7180184615384616
Sector 16 Vashi,1,23000000.0,18132362.476190474,4867637.523809526,21.163641407867505
Sector 17 Vashi,1,12500000.0,8580053.333333334,3919946.666666666,31.35957333333333
Sector 18 Kharghar,1,2700000.0,3669999.98,969999.98,35.925925185185186
Kon,1,4450000.0,4546082.808888889,96082.80888888892,2.159164244694133
Kongaon,1,2800000.0,3657125.2911111116,857125.2911111116,30.611617539682555
Koparkhairane Station Road,1,16800000.0,16245333.333333334,554666.666666666,3.301587301587298
Lic Colony,1,5500000.0,5978963.682777777,478963.6827777773,8.708430595959587
Lokhandwala Andheri,1,70100000.0,44672179.61333334,25427820.386666663,36.27363821207798
Khanda Colony,1,6300000.0,5363972.28,936027.7199999997,14.857582857142853
Khar Danda,1,6500000.0,32822743.766666666,26322743.766666666,404.96528871794874
Kolegaon,1,2500000.0,2382211.111111111,117788.88888888899,4.7115555555555595
Sector 19 Ulwe,1,8000000.0,9156685.96,1156685.960000001,14.45857450000001
Sector 2 Charkop Kandivali,1,12000000.0,13145645.777777778,1145645.777777778,9.54704814814815
Sector 21 Kharghar,1,43000000.0,40609249.81333333,2390750.1866666675,5.559884155038762
Sector 21 Nerul,1,27500000.0,27731817.373333335,231817.37333333492,0.8429722666666725
Sector 22 Kamothe,1,4800000.0,4562768.52,237231.48000000045,4.942322500000009
Sector 23 Ulwe,1,5200000.0,5065919.013333334,134080.98666666634,2.5784805128205064
Sector 30 Kharghar,1,4300000.0,4626900.0,326900.0,7.602325581395348
Sector 44 Seawoods,1,16100000.0,16562376.833333334,462376.83333333395,2.871905797101453
Kalyan Shilphata Road,1,3224000.0,3289160.8755555553,65160.875555555336,2.0211189688447684
Kamathipura,1,35000000.0,39586416.306666665,4586416.306666665,13.104046590476184
Kanjur Marg,1,23500000.0,28179571.946666665,4679571.946666665,19.913072113475174
Sector-20 Koparkhairane,1,15000000.0,13722000.0,1278000.0,8.52
Sector-3 Ghansoli,1,7000000.0,7458133.333333333,458133.333333333,6.5447619047619
Sector-50 Seawoods,1,9000000.0,8199161.666666667,800838.333333333,8.8982037037037
Sector-9A Vashi,1,20000000.0,18650369.253333334,1349630.7466666661,6.74815373333333
Sector13 Kharghar,1,9200000.0,9318333.333333334,118333.33333333395,1.2862318840579776
Sector20 Koparkhairane,1,7600000.0,7506373.333333333,93626.66666666698,1.2319298245614074
Sector35D Kharghar,1,9200000.0,7998751.133333334,1201248.8666666662,13.057052898550719
Shahpur,1,5500000.0,6435464.946666666,935464.9466666663,17.00845357575757
Irani Wadi,1,10700000.0,11820391.516666668,1120391.5166666675,10.47094875389409
Jambli Naka,1,4500000.0,5483866.66,983866.6600000001,21.86370355555556
Jari Mari,1,2600000.0,3782500.0,1182500.0,45.48076923076923
Jawahar Nagar,1,8500000.0,9251933.78,751933.7799999993,8.846279764705875
Joveli Gaon,1,2000000.0,2101153.3133333335,101153.31333333347,5.057665666666673
Juhu Tara,1,40000000.0,32637898.666666668,7362101.333333332,18.40525333333333
Gorai 1,1,9500000.0,9696697.533333333,196697.5333333332,2.0705003508771918
Gorai 2,1,8500000.0,12085875.13,3585875.130000001,42.18676623529413
Haranwali,1,1250000.0,1487536.96,237536.95999999996,19.0029568
Haware City,1,2500000.0,3139478.1844444447,639478.1844444447,25.579127377777787
Hiranandani Meadows,1,32500000.0,30865000.0,1635000.0,5.030769230769231
Gawand Baug,1,27500000.0,29366160.88888889,1866160.8888888918,6.786039595959606
Ghodbunder Thane,1,9000000.0,8836929.333333334,163070.66666666605,1.8118962962962892
Shirgaon,1,3000000.0,2762287.822222222,237712.1777777779,7.923739259259263
Siddhartha Nagar,1,69500000.0,50650233.29333334,18849766.706666663,27.121966484412464
Sion Koliwada,1,8500000.0,8423512.905,76487.09500000067,0.8998481764705961
Taloja Panvel,1,2850000.0,2791349.4266666668,58650.57333333325,2.0579148538011665
Taloja Phase 2,1,3000000.0,5447736.846666667,2447736.8466666667,81.59122822222223
Dahanu,1,1100000.0,1858831.0066666666,758831.0066666666,68.98463696969696
Damat,1,1249999.0,1508471.6066666667,258472.6066666667,20.677825075593397
Dattapada,1,14300000.0,15280735.473333333,980735.4733333327,6.858290023310019
Devad,1,2200000.0,2849760.0,649760.0,29.53454545454545
Dharavi,1,6500000.0,6733661.142222223,233661.14222222287,3.5947868034188133
Dighe,1,16500000.0,15236666.666666666,1263333.333333334,7.65656565656566
Dockyard Road,1,12500000.0,12329170.966666667,170829.0333333332,1.3666322666666657
Charkop Sector 8,1,13500000.0,14208072.433333334,708072.4333333336,5.244980987654323
Chinchpada,1,1200000.0,1314819.6333333333,114819.6333333333,9.568302777777776
Crawford Market,1,13000000.0,19773965.856000002,6773965.8560000025,52.10742966153848
Tembhode Palghar,1,1605000.0,1573484.0,31516.0,1.963613707165109
Thane Diva,1,700000.0,2148382.566666667,1448382.566666667,206.91179523809527
Uran,1,6260000.0,5344242.726666667,915757.2733333334,14.628710436634721
Bhuleshwar,1,29500000.0,36450091.26533333,6950091.265333332,23.559631407909603
Bkc Bandra,1,12500000.0,12290784.0,209216.0,1.673728
Bolinj,1,3200000.0,3000000.0,200000.0,6.25
Bopele,1,5000000.0,5001099.8,1099.7999999998137,0.021995999999996275
Borivali Old Mhb Colony,1,15000000.0,20835623.79111111,5835623.791111112,38.90415860740741
Cbd Belapur,1,6000000.0,5472720.2022222215,527279.7977777785,8.78799662962964
Century Mills,1,3600000.0,5560155.555555555,1960155.555555555,54.44876543209875
Atgaon,1,1330000.0,1669530.2533333334,339530.2533333334,25.528590476190484
Babhai,1,13000000.0,13692677.984444443,692677.9844444431,5.328292188034178
Bandstand,1,130000000.0,105742736.01333334,24257263.986666664,18.659433835897435
Bdd Chawls Worli,1,5500000.0,6589937.628888889,1089937.6288888892,19.817047797979804
Beturkar Pada,1,3900000.0,4081016.6666666665,181016.6666666665,4.641452991452987
Beverly Park,1,6800000.0,7360146.91111111,560146.9111111099,8.23745457516338
Bhakti Park Wadala,1,18000000.0,21867475.9,3867475.8999999985,21.485977222222214
Usarghar Gaon,1,7500000.0,7856209.073333333,356209.07333333325,4.74945431111111
Vajreshwari,1,21400000.0,21919025.626666665,519025.6266666651,2.4253533956386217
Vakola Pipeline Road,1,4500000.0,6381961.933333334,1881961.9333333336,41.8213762962963
Vakola Santacuz E,1,25000000.0,24222257.237777777,777742.762222223,3.1109710488888918
Vakola Yashwant Nagar,1,10500000.0,11345735.32,845735.3200000003,8.054622095238098
Vallabh Baug Lane,1,10999800.0,10978140.2,21659.800000000745,0.1969108529246054
Vazira Naka,1,1950000.0,2638206.0,688206.0,35.29261538461538
Veera Desai Road,1,16900000.0,16305998.666666666,594001.333333334,3.514800788954639
Yari Road,1,14900000.0,14401444.64,498555.3599999994,3.3460091275167745
Acc Cement Road,1,10000000.0,9497189.813333333,502810.18666666746,5.028101866666675
