locality,property_count,average_predicted_price,average_uncertainty,average_prediction_std,average_prediction_range
Rabale Station Road,1,3906666.6666666665,60.89580341537221,2378996.0534272073,8569498.931383993
Manpada,2,46948519.42,52.977656376285346,34267653.51385215,108876425.31262322
Tardeo,1,187395029.35333332,45.761739988273845,85755226.08362184,336160486.2477976
Girgaon,2,30029680.964698415,41.34016389600065,13364996.685309041,48119417.62628982
Karjat,5,7982682.990222221,38.93411404091482,3500163.330801,12961579.80070057
Cuffe Parade,1,135401472.55333334,38.07713729282749,51557004.60064287,202103458.03452003
Worli,3,94414727.36222221,36.922202275781686,38301895.51938506,149974306.96820685
Marine Lines,1,16348621.786666667,36.47293767565391,5962822.63507931,23374264.729510896
Sai Samarth Mitra,2,6162833.33,36.09481934560963,2223652.0790371387,8716716.149825584
Umroli,1,4138962.8666666676,35.277824966061786,1460136.0755129603,5723733.4160108045
Chedda Nagar,1,9554745.56,34.93049041562883,3337519.4820735212,13083076.369728204
Agripada,2,54604140.77666666,34.390090744931776,19006759.494885147,74506497.21994977
Adarsh Nagar,1,84728997.06476189,33.26463954101279,28184795.46030835,110484398.20440874
Haji Malang Road Kalyan E,1,2385873.3333333335,31.965381396537268,762653.5106382769,2989601.761702045
Boisar,1,2427889.6133333333,30.912492782761554,750521.201495084,2942043.1098607294
Ville Parle,3,66947814.556613766,30.482923663564776,16368680.060863225,61384802.212922744
Greater Khanda,1,4564859.58,30.24546158633309,1380662.8507389459,5412198.374896668
Prabhadevi,6,150678755.5458201,30.055277445805817,57884824.788724326,226908513.17179933
Breach Candy,1,66175745.162222214,30.034527357254564,19875572.284614693,77912243.3556896
Navghar,1,3364805.1496296297,29.474244572846032,991750.899201555,3887663.524870095
Lower Parel,6,32420071.903703704,29.078574552001374,7458653.17032592,29237920.4276776
Bhiwandi,9,6499564.135152264,27.94370911525685,1761314.6841898183,6770847.590691757
Palghar,3,3479885.547111111,27.567602234672496,1125407.8013907408,4411598.581451704
Mahim,2,25161628.99644445,27.439579009581607,5924631.445342322,23224555.265741903
Balkum,1,21628225.623999998,27.06768522000965,5854260.030577788,22948699.31986493
Juhu,2,139390647.7088889,26.69193979549965,37193797.08868711,145799684.58765343
Marol,1,15845457.88,25.347332623219327,4016400.914515718,15744291.584901612
Khar,2,47012361.629333325,25.101326413654732,10420829.262836777,40849650.71032017
Kalwa,5,7394364.3212222215,24.74467420772138,1470937.3275061953,5650388.629918061
Railwaycolony,1,6933913.553333334,24.57518498981085,1704022.0827652335,6679766.564439716
Chembur,29,26341156.44346114,23.57069062787515,7164237.0338259125,26776547.862375565
Lbs Marg Mulund,1,63082522.937460326,23.37623418136778,14746318.28937577,57805567.69435303
Andheri,41,29448462.4506578,23.271522513520512,8330265.275024697,30374512.54540056
Bandra Kurla Complex,1,29727182.222222228,22.77321720795937,6769835.777272551,26537756.246908404
Sanpada,2,36345558.98111111,22.707758236695263,7385926.373561896,28952831.384362634
Karanjade,4,4138254.446666667,22.62452913152678,873265.0107763085,3395386.3079322106
Kalyan,32,5963094.672022818,22.5756613547629,1444124.4014912026,5407040.476710519
Mahalaxmi,5,85134299.7128,22.52678066741553,19659857.97283054,77066643.25349571
Kolshet,2,14810817.5,22.507740203839468,3507297.9380431543,13748607.917129165
Fort,1,45002276.524444446,22.013537352978492,9906592.952399248,38833844.373405054
Belapur,2,26696399.333333332,21.97856418168839,5848579.686231364,22926432.37002694
Ram Mandir Road,1,19549759.01111111,21.9641863507131,4293945.5003157705,16832266.361237824
Dahisar,4,14958927.593015872,21.898464020233668,3496469.398259846,13706160.041178595
Parel,5,33259986.525365077,21.50633378094586,7183919.445755819,28160964.227362804
Byculla,9,97806466.66271605,21.472250691826073,26317706.718911618,103165410.33813353
Borivali,27,18347540.253831863,20.40954055007562,3536332.3680887017,13167536.371895881
Nerul,6,36020492.33888889,20.34780951924456,7483169.354622014,29334023.87011829
Powai,13,33257432.18311111,19.70239659018729,7741327.931997026,30346005.493428346
Matunga,2,61659154.68333334,19.373210962731804,12271919.738555843,48105925.37513891
Bandra,18,54069516.99968607,19.337567133568278,8505943.315661814,33343297.79739431
Goregaon,29,24034134.199295565,18.97100532013285,4745754.565125106,18603357.895290412
Ghatkopar,19,18689186.827543862,18.844477850206694,3494818.020596982,13699686.64074017
Wadala,10,37942066.244139686,18.611801650784976,7353622.498362149,28826200.193579625
Panvel,25,9326324.214133333,18.296506586728537,1872870.5608602213,7277899.118489756
Malad,24,16426486.263597222,18.190502372501218,2941076.156370526,11529018.532972462
Airoli,10,10539232.86688889,18.056072048609455,1868776.211651863,7325602.749675304
Santacruz,10,29543383.44495238,18.028206097014905,5306310.724677799,20800738.04073697
Chandivali,1,20690124.346666668,17.899504686272195,3703429.777027144,14517444.725946404
Ghansoli,16,16134529.519265873,17.79672474569737,2910748.408886826,11410133.762836358
Dombivli,5,6493501.741777778,17.78357290937887,1276533.2062030626,5004010.168316005
Bhandup,10,10132606.27161616,17.70632462665248,1861284.6945401523,7296236.002597397
Dadar,9,51338018.992716044,17.68541324473933,9875641.058628831,38712512.94982502
Ulwe,22,9140539.663143339,17.673972383839192,1591927.417067249,6240355.474903617
Kharghar,45,15236220.44348442,17.606798170170922,2919268.0589022012,11443530.790896628
Koper Khairane,11,18393737.191313133,17.53116301480247,3202251.1065791915,12552824.33779043
Dombivali,41,5810423.812173958,17.457850384216012,994224.2872745658,3897359.2061162977
Badlapur,9,2985425.5488888887,17.30684294641283,520043.72435923305,2038571.3994881932
Vile Parle,3,165621535.10666665,17.287412827705946,28851946.771561403,113099631.3445207
Vajreshwari,1,21919025.626666665,17.229573103903604,3776554.544009899,14804093.812518805
Shil Phata,2,5482348.306666667,17.22574904317233,934407.4497176572,3662877.202893216
Kandivali,33,17593880.09688985,17.17140700735101,3352637.1477928483,13142337.619347963
Jogeshwari,10,15250220.563253969,17.13648660486495,2454063.251382474,9619927.945419298
Sion,6,29552600.174410135,17.11957495675669,5393766.077234775,21143563.022760317
Chincholi Bunder,1,39950417.61833333,17.072275755638504,6820445.461331055,26736146.20841773
Kamothe,11,8138728.220030302,16.69615808161119,1370168.7264478586,5371061.407675605
Vikhroli,28,14335731.820111677,16.53873374372828,3002452.33062175,11769613.13603726
Thane,107,14742240.764347352,16.431069275131865,2553344.8864060133,10009111.954711571
Mulund,28,23054032.367289152,16.0419159088122,3713911.5278021977,14558533.188984614
Vikroli,3,8221174.771851853,15.974774127080245,1189917.0440655157,4664474.812736821
Seawoods,4,20309813.057777777,15.147706002345904,3178464.6217794316,12459581.317375373
Thakurli,1,9408088.266666668,14.749917807909366,1387685.2866288985,5439726.323585283
Taloja,13,3880443.941534188,14.7136416788307,545493.8518027074,2138335.8990666126
Kanjurmarg,20,18963510.935318254,14.70372603900077,2868509.867359994,11244558.680051176
Kalamboli,5,11543531.657111112,14.65997930676786,1809604.8269951069,7093650.921820819
Vile Parle E,1,20363866.666666668,14.629079625293679,2979046.2694553044,11677861.376264796
Vasai,10,5295036.391555555,14.60366190999918,789168.4957854446,3093540.5034789424
Nala Sopara,5,3012513.9182222225,14.258194138830333,431891.9134404015,1693016.3006863738
Virar,4,3755537.9790000003,14.252834838770658,519700.5072827239,2037225.9885482779
Mazagaon,1,20200297.777777776,14.143440372403745,2857017.0712479986,11199506.919292152
Vashi,3,41111663.678333335,13.803088645400202,5921836.834881344,23213600.39273487
Neral,14,2628300.798949014,13.537690430282439,398516.21854446735,1562183.5766943118
Vevoor,1,2080619.1,13.248667718698428,275654.3110507738,1080564.8993190331
Kurla,10,12672394.157111112,12.386308795347759,1529278.4800032887,5994771.641612892
Mira Road,51,8779493.317128027,11.420735069390457,1236049.4952741805,4677069.214675234
Ambarnath,1,2835671.72,10.986488126229213,311540.7368166397,1221239.6883212281
Ambernath,18,3089784.796190476,10.92713124987103,368106.47912704875,1442977.398178031
Naigaon,20,4980529.442318207,10.476661674792798,495610.8392827278,1942794.4899882928
Deonar,2,24402102.012222223,9.170765777958664,2221152.013303383,8706915.892149262
Bhayandar,10,7658601.895899964,8.76479059487469,650856.902971485,2551359.059648221
Titwala,1,2672971.1111111115,8.233699707912589,220084.4145681435,862730.9051071228
Anjurdive,1,6944324.806666668,7.02055138705729,487529.89153620024,1911117.174821904
Nalasopara,1,4297733.333333333,0.6437857024399641,27668.19272899648,108459.3154976666
