locality,prediction_count,average_predicted_price,average_actual_price,average_error,average_error_percentage
Thane,5292,15768389.960137265,15752729.560090702,1279442.6263472196,8.157597614208655
Mira Road,3162,8820193.586796343,8756489.200189753,507211.22279126826,5.485675477754737
Kandivali,2039,19025200.722665485,18968270.140755273,1651339.5928664613,7.870504483005993
Andheri,2039,32831463.907135565,32177026.513487004,3208640.169866353,10.01411886027859
Kharghar,1904,13937217.384876784,13944158.674894959,1340030.3371083324,9.830475797781455
Dombivali,1872,6042000.585972353,6019099.077991453,368987.4349755193,6.761767200453093
Kalyan,1738,6507935.078631237,6488893.773302646,494181.02826155163,8.243563091901828
Borivali,1678,21094895.421244454,21028985.29261025,1431305.653254276,7.0970820923544595
Chembur,1591,23859267.579007994,23728073.331238214,1918936.923887369,8.420595795199603
Malad,1522,19652499.820541218,19380559.951379765,1440471.3661954636,7.66307956802749
Mulund,1446,22172911.882599205,22167469.194329184,1536540.1884825663,7.109474886385412
Goregaon,1287,21942854.59650382,22048793.246309247,1961438.0378311556,8.888092607483918
Panvel,1227,9393656.339897662,9415466.048899755,1091346.8347409444,12.175915210970887
Ulwe,1140,8777457.059337374,8630548.6,672610.634340902,7.488558406053176
Ambernath,981,3404315.6828072746,3376406.0774719673,208498.6770621383,5.975973828439846
Powai,917,33129967.69968715,33571450.91384951,3010368.776746482,8.611612088165396
Ghatkopar,906,20042085.619144503,19610575.32339956,1667636.0779156592,8.473652406725456
Vikhroli,900,15242886.657223295,15292905.892222222,1128690.1171993446,6.3890588295313835
Virar,771,4633257.370786507,4607453.2516212715,314788.2549724538,7.372574391327553
Vasai,752,6450925.066190417,6192469.578457447,629453.7605380255,8.136896132338988
Kanjurmarg,731,19387365.809527136,19156875.08618331,1496757.7258313212,8.069307809673237
Bandra,708,66058433.53405986,65745892.629943505,6141641.559203208,7.942636064904382
Naigaon,688,4419061.353170126,4367745.165697674,249931.95895741365,5.198415267010125
Bhandup,673,13152069.070608947,12984858.19167905,968220.9569810126,7.995402152873146
Wadala,617,34530167.46577183,34636142.384116694,2594967.2199394885,8.09680321414412
Taloja,617,4892141.347192513,4863736.424635332,356769.18089627655,7.289672635446353
Koper Khairane,536,14554227.593389891,14245791.509328358,1217938.7594169609,9.175165361813484
Jogeshwari,534,16875161.87981094,16639818.730337078,1058426.6314248382,6.648363275008449
Kurla,531,14344258.299064001,14121871.517890772,774232.6433846889,5.525331457247825
Santacruz,527,42219865.04948906,41941260.22580645,3673476.232147449,9.169500131651542
Sion,489,31270311.583178505,31370674.44580777,2451033.4538716488,8.319741931683538
Kamothe,471,8321411.0304107545,8298808.81104034,448201.47681356786,5.683043078289688
Byculla,471,54941922.74150716,54547664.67940552,3710827.245556828,7.618875919605914
Badlapur,471,3008128.6259449106,2978721.3588110404,238749.20198744087,6.966100097105008
Ghansoli,455,16573939.006805908,16503468.057142857,1081130.0738793227,7.824027207254843
Dahisar,453,13322890.196874036,13417642.05960265,1000337.4693052759,6.503758819198671
Bhayandar,411,8488570.739590881,8421124.785888078,548658.7310648877,6.311218495621404
Bhiwandi,365,5565934.155737764,5423412.668493151,432322.46737236576,10.62153817975868
Nerul,351,28306187.669556506,28457036.683760684,3786388.9109582147,11.811667868526856
Lower Parel,349,82149005.38664833,80910116.76217765,8450373.16356969,10.99671799175538
Nala Sopara,342,3780343.51973152,3760640.8859649124,174875.93293845726,4.904134441254832
Neral,341,3211307.677835963,3201303.3782991203,264331.1402616022,7.049943007822562
Seawoods,338,27279295.85281544,27530344.171597634,2359131.8319062646,9.065125800778945
Dadar,336,44138853.03020559,43904604.02380952,3783107.476714853,8.88835401167585
Ville Parle,331,34654420.29694833,34689733.8429003,2490100.643164704,7.930291747712604
Parel,277,47780733.73949367,47322196.24548736,3895316.5987184695,8.272932477330865
Karjat,268,9447759.992176557,8992894.656716418,1352736.2071854419,11.79776295794672
Matunga,260,49711784.49426642,50402287.015384614,3489496.110198657,8.738188860860584
Vashi,248,24496500.537148576,24497726.56451613,2126042.659182113,10.483052747349422
Airoli,240,13639599.850697618,13415897.316666666,972014.2614211641,8.116784715106117
Dombivli,235,5236871.947666335,5211226.961702128,359728.04409987,7.929852786018231
Prabhadevi,208,88292261.72299398,89572430.82692307,12726713.174400717,12.080290945317186
Worli,188,130330374.54776232,130346638.55851063,15717938.544048885,12.912210370782065
Sanpada,183,25120197.159780946,25722713.786885247,2444387.522487857,11.351279199846593
Juhu,179,125983127.15447561,128343346.16201118,13307066.606772242,9.953669504791515
Mahim,170,37347161.014281325,37343105.38823529,2759780.5844071894,7.872893644632055
Kalamboli,166,8044090.170262573,8002448.656626506,329951.2568087589,4.155016150146624
Mahalaxmi,165,89317396.28363408,87165367.97575757,8785316.648985377,9.01291867399497
Kalwa,164,9082407.79445372,8859017.371951219,847542.8223953898,10.773254184635293
Shil Phata,150,5514381.2678588,5434225.846666667,439051.74019725027,8.60638953029238
Khar,136,82848377.14208952,82287742.64705883,6271241.905439891,8.476048895705505
Titwala,134,3342139.9216939113,3310102.537313433,235976.29881781567,7.240651276195701
Vile Parle,126,79684223.17966792,79028703.28571428,6365038.757091962,8.669249293785372
Karanjade,123,5238420.413846948,5056663.772357724,306281.8372499678,6.6882581629241065
Deonar,116,37768565.80792898,38142948.72413793,3399983.266292693,479.90327195545353
Palghar,108,2587345.9445925923,2566086.777777778,242617.6479423868,8.739523862775954
Boisar,107,7227650.554807891,3106174.2056074766,4362115.84847352,37.279389588310664
Belapur,92,20903361.72967391,21172898.68478261,1839759.2454323675,9.883871983062406
Nalasopara,90,4435232.17874368,4101430.222222222,816481.3016643152,22.54720081702973
Kasaradavali Thane,85,7026657.854326611,6862294.011764706,481769.5421017741,7.745253448758273
Vikroli,84,10048252.50447808,9767371.42857143,706132.1842626607,8.57516726866647
Girgaon,84,38327710.55892139,35631051.27380952,6440958.515536281,20.648629854241875
Anjurdive,77,7707752.712881879,7521017.324675324,517446.40962069674,6.558480189531673
Tardeo,76,133227178.79487717,130205779.80263157,18911765.420210525,13.919692724321177
Taloje,75,4552695.253247619,4471794.666666667,323784.5386677249,8.844604477473949
Dronagiri,68,6462764.794836601,6091055.882352941,599523.3026797385,9.849714768662173
Thakurli,63,5730915.523029479,5810388.968253968,285545.1960806249,4.741847663897269
Sewri,61,41955525.18924607,40265319.26229508,2600974.1165521727,15.933796445952364
Hiranandani Estates,54,19310798.19091515,20328550.296296295,2039811.0978483255,9.344333215762662
Nahur,48,20197476.8602899,20127886.520833332,1042317.1729012342,5.371876662973275
Colaba,46,122669475.37680297,127557024.63043478,13009709.313508283,13.359812225454384
Ulhasnagar,46,7307411.893305728,7579848.695652174,527613.9780814353,7.493984529697808
Khopoli,44,6074193.787752525,6035955.409090909,912577.9725,14.873173251987323
Agripada,40,41270546.39100555,38546322.5,9118135.520494442,15.833734562811097
Malabar Hill,36,264504247.9223673,281158008.5,30633840.592972226,10.149267216082398
Marine Lines,33,148497595.200823,143704003.9090909,19798350.617776334,24.464529630942685
Mazagaon,32,28722217.436453868,26936171.875,2579846.9921344244,9.338339316905197
Ambarnath,27,3078949.782427984,2983333.3333333335,219408.52893004118,7.595555486195415
Fort,26,27425808.320323564,27565656.192307692,1298782.6534859585,4.107757100894891
Juinagar,26,18187681.22792735,17562761.53846154,1109743.1242521366,6.50160912579422
Bandra Kurla Complex,25,123075746.46057777,141413702.44,19492890.258355554,7.279396171593952
Cumballa Hill,25,95087808.4254857,95640000.0,7191168.422260318,8.626123639261978
Mumbra,24,3466814.9279806,3020593.7083333335,674336.0284479716,34.05380116907864
Chinchpokli,24,35672203.78196759,32352322.5,3739891.1229861113,11.108767181070801
Saphale,22,2132691.098484848,2133563.727272727,83966.92878787879,4.282872463224754
Kolshet,22,12502454.549314575,12722727.272727273,1032285.9444227996,7.5052574363357225
Shilphata,21,5028780.664571429,5013259.523809524,164413.13271957668,3.1737871866575396
Mazgaon,21,38829603.61537415,36157142.85714286,3201807.173469388,9.292514436228442
Vevoor,21,2207096.65026455,2142095.238095238,199527.19544973542,11.026047327424415
Vile Parle E,19,37243744.39040936,39431736.84210526,2846257.0369590656,6.1794503353477
Diva,19,3047297.301111111,3306684.210526316,437210.2291812866,14.5535120720787
Rabale,17,5056098.4273202615,4485294.117647059,1114403.6798692811,29.069200319746507
Nere,17,2138457.3311484596,2122352.9411764704,94585.59414254598,4.235326523943077
Rasayani,17,3538139.1329131653,3589705.882352941,659559.4199719889,14.960948879761252
Cuffe Parade,16,118856814.28344445,133624988.125,19682979.708638888,11.378496661560426
Shahapur,16,3507326.21625,3206125.0,490342.47124999994,19.490899446803265
Majiwada,16,24847785.85609127,25912500.0,1668802.5541468258,5.4879118208600115
Vangani,16,2802498.8275,2569671.5,327353.2444444444,14.22530519989337
Vasant Vihar Thane,16,20030338.140555557,19656250.0,483754.8072222221,2.476767717968987
Tilak Nagar,14,15128322.630385488,14601395.714285715,870385.1741950113,5.561919697513899
Navghar,14,10100701.4045582,10798790.714285715,882181.6087433865,10.024287801872159
Manpada,14,27263589.01063492,23957142.85714286,4833794.854444444,14.162269774645239
Charkop,13,15265702.446654458,14933052.923076924,646747.0846031749,4.048850776288277
Kolhare,13,2854219.5124786324,2873243.076923077,108434.76854700851,3.8698395692332186
Diva Gaon,12,3537348.106825397,3457083.3333333335,391234.28423280426,12.684536436168173
Greater Khanda,12,8326705.431018517,8466666.583333334,641594.3028703701,9.739760096843574
Jacob Circle,12,70330374.26963492,72375000.0,4664093.828698416,7.6677778355281765
Magathane,12,18965605.66047222,18449637.333333332,1070367.1430648144,6.524836050567785
Juhu Scheme,11,150444215.99702743,195227272.72727272,56388758.64868688,21.459440379167088
Chandivali,11,20528501.67709091,20826680.545454547,646627.1629090906,2.885336831825866
Versova,11,18524324.181789324,19080743.636363637,1930208.4103030302,80.43653234316572
Govandi,11,13316550.310505051,12453272.727272727,1135140.928686869,11.680454708558289
Saki Naka,10,15148997.360777777,14410000.0,1322034.3207777776,8.877320553618556
Jvpd Scheme,10,103414164.31311111,110413268.5,8748967.221111111,7.5156449068883715
Sector 21 Kamothe,9,10271396.683703704,10577777.777777778,598425.0925925927,5.815744426292621
Nilje Gaon,9,7788938.38845679,8879999.111111112,1504163.8495679016,14.795512128702525
Shelu,8,2134030.9655555557,1943750.0,263165.0622222223,13.691479696343322
Koproli,8,4755449.092579366,4500381.25,328893.5848015878,4.035618847585756
Desale Pada,8,2507616.9741666666,2181250.0,353871.41861111106,10.836517182285181
Pisavli Village,8,2352557.605555556,2098750.0,253807.60555555552,9.93258044080919
Mumbai Central,8,23359158.094722223,18975000.0,4465452.539166667,45.49711251737476
Umroli,8,2501192.925694444,2422315.25,355621.1856944445,20.196177915764213
Kewale,8,4035195.985,3631375.0,478320.865,13.590134616185697
Marol,7,29876240.020952377,30236933.14285714,1282512.8400000012,4.860602436459049
Ambivali,7,12110156.24984127,12933314.285714285,1797020.569206349,11.409787213903531
Vichumbe,7,4739837.472634921,4271428.571428572,468408.9012063494,12.286954936052144
Hendre Pada,7,2364660.321904762,2478571.4285714286,127076.62666666674,5.550334253256343
Kalbadevi,7,29438719.053968254,26761731.0,3079012.1930158725,11.299885390021315
Panch Pakhdi,7,29930045.78374603,27329054.285714287,2814317.901333332,9.80585126635728
Ambivli,7,3319738.1723809526,3462942.5714285714,416258.88857142854,13.058497653775925
Makane Kapase,7,1619380.8009523808,1575428.5714285714,46546.359047618964,2.6761690460900787
Asangaon,6,1999015.0517460315,2081000.0,153863.53492063502,8.475213300292454
Jvlr,6,21580654.764444444,21627227.666666668,365205.61999999854,1.6984535514011487
Hariyali,6,10801532.681296296,10528421.5,287974.60611111094,2.7780912483298685
Khadakpada,6,9687305.71222222,8800000.0,1091249.1788888883,10.375848731407494
"Siddharth Nagar, Goregaon",5,12362136.308904761,11963995.2,1150069.399571429,8.513956863077215
Jambrung,5,8724819.201333333,9138460.0,916606.9800000001,9.931273316363129
Shivaji Park,5,50891110.381333336,53100000.0,2601245.1742222263,4.504583059946632
Evershine Nagar,5,47817467.230222225,41536984.2,7260914.623111111,11.634670315682643
Ern Express Highway Vikhroli,5,11395407.373333333,11840000.0,746459.293333333,6.2626607239886525
Sai Samarth Mitra,5,6323240.297333334,6440000.0,283826.36933333334,4.4015379003519355
Sagaon,5,2084399.2955555555,2080000.0,56428.62888888894,2.6465697812284357
Churchgate,5,491720227.8626667,506890406.2,81335501.3388,20.93727588697552
Chincholi Bunder,4,40118215.51291667,40023833.0,2162123.227083333,4.688303857446663
Antarli,4,9535647.281666666,9625000.0,480140.3150000004,5.461988566771162
Pokhran 2,4,18374719.23,17500000.0,874719.23,5.705777060317461
Mumbai,4,11978085.489444444,6597500.0,5380585.489444444,329.9673875460675
Balkum,4,15668013.131555557,12600000.0,3188826.3715555565,21.898458413938513
Hiranandani Gardens Powai,4,54945715.84166667,56309924.25,5527347.282777777,11.955476645875873
Patil Nagar Vasind,4,2884513.0422222223,2875000.0,195940.9977777779,9.695356251618753
Sector-9 Ulwe,4,10637388.88888889,10725000.0,509388.88888888946,4.675982207123447
Sambhaji Nagar,4,49013208.12,55290000.0,6276791.880000002,11.031226309614349
Murbad,4,10437201.739444444,11143000.0,3235892.169444444,47.57966928767636
Grant Road,4,44348420.163888894,41000000.0,4795444.786111111,11.614624108361202
Worli Sea Fase,4,74046032.28444445,69950000.0,6675982.220000001,8.476756228669801
Antop Hill,4,9969343.967777777,8800000.0,1564903.6455555556,40.33361332706204
Sector 5 Ghansoli,4,9553115.0,8450000.0,1402114.9999999998,16.408634276951368
Santosh Nagar,4,2717006.25,2637500.0,141739.5833333335,6.615894851672609
Mankhurd,4,30108670.380000003,23100000.0,7008670.380000001,46.0587071151341
Khardi,4,1781689.0372222222,1825000.0,322646.4594444444,21.69584082341269
Lalbaug,4,45228206.79259921,44350000.0,2283125.119265875,6.4579662920156204
Oshiwara,4,26814631.981333334,26531772.0,1376303.4219999984,4.951413950055729
Napeansea Road,4,117697613.79266666,101875000.0,17911285.792666662,36.72618289349121
Vasind,3,1633211.477777778,1550500.0,131085.53555555563,12.072040405017928
Rabale Station Road,3,3753608.148148148,1866666.6666666667,1886941.4814814813,88.79075869809202
Nallasopara W,3,3925319.648148148,3666666.6666666665,366141.288148148,9.05075404938271
Anushakti Nagar,3,13837068.549629629,9500000.0,4337068.549629629,44.07817106548661
Bolinj Naka,3,2527614.461481482,2350000.0,177614.46148148165,7.7294622000000075
Ulhasnagar 4,3,5155999.945714285,4533333.333333333,622666.612380952,13.30058071119356
Gamdevi,3,84266514.3911111,91333333.33333333,7066818.9422222255,6.877022774985403
Chedda Nagar,3,10300192.042222222,8318518.333333333,1981673.7088888884,29.144874954745536
Dindoshi,3,24527081.608888883,24050795.333333332,894705.0755555531,3.56449132492847
Uttan,3,89498741.83999999,18333333.333333332,72116659.1111111,453.57683746666663
Peddar Road,3,260248676.75044444,160833333.33333334,101800684.32377778,72.35435316648149
Kalina,3,30826103.70940837,35669333.333333336,4843229.623924966,13.261580674981014
Vakas,3,5021996.391111111,4933333.333333333,94885.27999999996,2.0887049343434336
Charni Road,3,148150672.39333332,148555398.33333334,1522379.237777788,1.877790641022904
Palava,3,4726458.017777777,4633333.333333333,168850.1422222221,4.072379031265028
Pali Hill,3,166170234.45333335,189335622.33333334,23165387.880000006,10.693557631411784
Ram Mandir Road,3,12541165.60021164,10066666.666666666,2474498.933544973,20.40710723179974
Mira Bhayander Road,3,7565486.652592592,6799886.666666667,813744.8748148152,14.425026135183115
Sector 19 Kharghar,3,17682586.866666663,18000000.0,918302.0222222205,5.238316543209869
Thakur Village,3,77674368.7911111,87933216.0,11625290.973333346,10.860295651094335
Chinchodyacha Pada,3,5046882.645993266,5166666.666666667,282874.0119191914,4.7747160972961815
Old Panvel,3,4883671.084444445,4850666.666666667,286032.8622222223,5.937046544223222
New Rajaram Wadi,3,15583329.75111111,14657196.666666666,926133.0844444446,6.453891743195348
Sakinaka,3,20444999.062962964,19386494.333333332,1058504.7296296295,4.967708164279213
Sector 17 Ulwe,3,10594268.88888889,10866666.666666666,1022931.1111111107,10.591050767414401
Kolshet Road Thane,3,22666740.266666666,20333333.333333332,2333406.933333333,7.018019753697968
Lbs Marg Mulund,3,41342333.42730159,32666666.666666668,8675666.760634925,23.095767751227573
Kasheli,3,4545207.215555556,2933333.3333333335,1611873.8822222224,56.0015032624018
Khalapur,3,3319700.862222222,3000000.0,596263.1644444444,19.875438814814814
Lokhandwala Complex,3,114351817.33703703,98333333.33333333,17681727.993333325,12.95764502076382
Lodhivali,3,4626353.694814815,2936666.6666666665,1689687.028148148,71.8917265184187
Sector 21 Ghansoli,3,6792666.666666667,7033333.333333333,335333.3333333333,4.711878289710866
Shivkar,3,3237787.2755555552,3283000.0,214662.83555555544,6.547482671047038
Eksar,3,30274608.884444445,33295056.0,3020447.115555556,10.630782865248081
Kiravli Village,3,4677098.1311111115,4566666.666666667,112162.57555555552,1.9590030635777467
Sher E Punjab Colony,3,18539488.922407407,18379850.666666668,426095.59018518653,2.141446058948094
Parel Village,2,11837483.128095238,12250000.0,1122112.3185714297,10.442313894903938
Additional M.I.D.C,2,3408832.372222222,3400000.0,179560.9611111111,5.281204738562091
Adarsh Nagar,2,100211920.80904761,106093750.0,5881829.19095239,5.1895076208044015
Battipada,2,19343103.09111111,18500000.0,843103.0911111087,4.627185403662991
Sector15 Ghansoli,2,10474111.11111111,10900000.0,715222.2222222225,5.931154684095861
Dn Nagar,2,32404486.307777777,37252590.5,4848104.192222221,12.204366704362073
Kanjur Village,2,41364249.64,44481339.0,3447213.880000001,5.83612272124672
Tagore Nagar,2,11047751.37,10102200.0,945551.3699999992,9.035711335499762
Karanjade Panvel,2,3210020.518888889,2927500.0,282520.5188888889,11.160413270011592
Kannamwar Nagar 1,2,13432115.196666665,12572661.0,934849.0899999989,6.15377397734702
Jawhar,2,6854117.493333334,9650000.0,2795882.5066666664,30.136389705479452
Gokuldham Colony,2,29012693.53,24000000.0,5012693.529999999,22.70553299364375
Shilgaon,2,4290809.446666666,3950000.0,682867.78,18.195161739879413
J B Nagar,2,24903610.497777782,25466000.0,562389.5022222195,2.0577170168205074
Ghansoli Gaon,2,2678746.6666666665,2150000.0,528746.6666666665,24.570072150072143
Chikan Ghar,2,6179357.784444445,6200000.0,20642.215555554954,0.3411401005530378
Ekta Nagar,2,5281224.014603175,5150000.0,131224.01460317522,2.557706165936472
Ghati Pada,2,24707897.936666667,22611206.0,2096691.9366666675,9.850794508146553
Shri Hari Nagar Kalyan,2,1476381.6666666665,1465000.0,11381.666666666628,0.7839476545511002
Shreyas Colony,2,39818172.46666667,46528923.0,6710750.533333333,13.415559409606367
Ibhadpada,2,5688819.916666667,7250000.0,1732591.25,19.049750263157897
Ghodbunder Road,2,80163964.24000001,63000000.0,17163964.240000002,27.244387682539685
Subhash Nagar,2,28272621.173333332,24744441.5,3528179.673333332,14.32361308760815
Sindhi Society Chembur,2,27061564.535714284,26609172.5,452392.03571428545,1.8273222808319622
Yogi Nagar,2,9369104.476666667,9250000.0,1036375.1433333331,12.241559190476188
Haji Malang Road Kalyan E,2,1926142.583333333,1800000.0,126142.58333333314,6.59624512987012
Patlipada,2,18074330.722222224,17000000.0,1074330.7222222225,6.960750470311581
Sector 8 Charkop,2,10510635.773333333,9594000.0,916635.773333333,9.020609972345515
Kharodi,2,12038634.609444445,12000000.0,1225532.057222221,10.44936819126983
Sector-15 Ghansoli,2,7210166.666666666,7450000.0,353833.3333333335,4.536503623188408
Sector-14 Koparkhairane,2,18721750.0,17750000.0,971750.0,5.805172413793104
Sector-12 Kamothe,2,7500769.482222222,7000000.0,546150.5177777777,6.774874360340154
Sector 6 Kamothe,2,5401422.363333333,5399970.0,39635.8366666669,0.734011947003697
Lbs Marg,2,17889588.14222222,29297058.5,11407470.35777778,32.69762770298582
Kasar Vadavali,2,5895144.685555555,6250000.0,422048.9611111111,6.160167587301586
Maneklal Estate,2,7788516.948333334,6200000.0,1588516.9483333337,25.62124110215054
Ashok Nagar,2,12881341.563333333,13000000.0,118658.43666666653,0.9151801219231628
Lonavala,2,24577356.684444442,24500000.0,3845108.7488888893,16.601864230214428
Chinchpada Gaon,2,1653398.6933333334,1387500.0,265898.69333333336,17.87932141843972
Savitribai Phule Nagar,2,15154114.280000001,12850000.0,2304114.2800000003,15.712176244360112
Sector 19 Kamothe,2,9876563.0,9275000.0,686705.0,7.67861093322466
Sector 11 Koparkhairane,2,15220333.333333334,14950000.0,450000.0,3.0672413793103446
Marine Drive,2,499117750.0061667,583683416.5,269223591.3538333,45.69020630948286
Mogra Pada,2,26434010.10666667,24969123.5,1464886.6066666674,5.42755450165746
Kolshet Road,2,10410242.483555555,8450000.0,2150602.4835555563,21.933645125410635
New Panvel Navi Mumbai,2,3120672.855555556,2835000.0,285672.855555556,10.208104840397713
Sabe Gaon,2,1581048.6366666667,1450000.0,168621.36333333328,11.330883095238093
Madh,2,99716606.39716667,83750000.0,15966606.39716667,13.678043382435899
Muthaval,2,3865547.3266666667,2650000.0,1215547.3266666667,52.79032758585859
Nandivali Gaon,2,1693051.111111111,1625000.0,68051.11111111101,4.011134525329922
Manor,2,10683395.399999999,10795500.0,1172908.1133333342,111.06985151485026
Navade,2,5158590.453333333,4650000.0,508590.4533333336,10.961043005003132
Rohinjan,2,8226959.996666667,9650000.0,1423040.003333333,14.970955376344083
Breach Candy,2,110706676.70111111,137500000.0,26793323.298888892,17.073434498518527
Usarghar,2,3335041.149166667,3449500.0,140385.51083333348,4.119194650415393
Umerkhadi,2,10068153.201111112,9100000.0,968153.2011111113,11.523367052525257
Palidevad,2,5244235.357777777,4475000.0,769235.3577777774,16.327615156785235
Padgha,2,860324.99,612500.0,247824.99,40.56610455395299
Pant Nagar,2,13229920.874444444,12450000.0,779920.8744444447,6.682044574450689
Pisarve,2,4434162.343333333,4000000.0,434162.34333333303,9.935137197717786
Chakala,2,32263445.686666667,28860000.0,3403445.6866666693,11.732716157461796
"Anand Nagar,Dahisar",2,9164673.07722222,9301660.0,160826.6749999998,1.520947020793539
Naupada,2,23105553.250396825,37900000.0,14794446.749603175,37.84374045532958
Adharwadi,2,3291438.34,3173000.0,516501.26,18.508173541773232
Natakwala Lane,2,15464118.296666667,14850000.0,933292.5633333335,5.5636023779308115
Anand Nagar,2,30893279.696666665,29029000.0,1864279.6966666654,6.298487120829273
Asalpha,2,11654491.353333334,10850000.0,804491.3533333335,7.407856799207025
Agasan Village,2,25595499.635555554,30850000.0,5254500.364444446,13.279174710658832
Altamount Road,1,222436560.4933333,210000000.0,12436560.49333331,5.922171663492053
Amboli,1,13668536.126666669,14000000.0,331463.8733333312,2.36759909523808
Arya Nagar,1,91619259.79333334,92500000.0,880740.2066666633,0.9521515747747711
Vidya Vihar,1,32152617.14666667,32000000.0,152617.14666666836,0.47692858333333865
Vijay Nagar,1,3884244.444444444,3500000.0,384244.44444444403,10.978412698412686
Vikhroli Park Site,1,2197696.24,700000.0,1497696.2400000002,213.95660571428573
Vikramgad,1,17094504.56,10000000.0,7094504.559999999,70.94504559999999
Vinobha Bhave Nagar Kurla,1,9967079.046666669,9000000.0,967079.0466666687,10.745322740740763
Parksite Colony,1,6716694.057777777,5500000.0,1216694.0577777773,22.121710141414134
Perry Cross Rd,1,66476507.61333334,70000000.0,3523492.386666663,5.033560552380948
Pokhran Road No 2,1,56580450.22,42500000.0,14080450.219999999,33.13047110588235
Police Colony,1,18001133.333333332,17000000.0,1001133.3333333321,5.88901960784313
Oshiwara Police Station Road,1,241351212.2633333,160000000.0,81351212.26333329,50.844507664583304
Owale,1,5846579.513333334,6000000.0,153420.48666666634,2.5570081111111054
P L Lokhande Marg,1,11371330.666666666,11000000.0,371330.66666666605,3.375733333333328
Padle Gaon,1,3821046.6466666665,3900000.0,78953.3533333335,2.0244449572649614
Pakhadi,1,9744681.684444444,7000000.0,2744681.6844444443,39.20973834920635
Panch Pakhadi,1,24101666.666666668,28000000.0,3898333.333333332,13.922619047619042
Navapada,1,3300780.0,3700000.0,399220.0,10.78972972972973
Navgharh,1,3433867.7333333334,3600000.0,166132.2666666666,4.614785185185184
Navpada Vile Parle,1,18401453.33333333,18500000.0,98546.66666667163,0.5326846846847115
Nehru Nagar,1,16329799.993333334,16000000.0,329799.9933333341,2.061249958333338
"Nehru Nagar, Kanjurmarg",1,17306304.070666667,18117644.0,811339.9293333329,4.478175690687668
New Panvel Karanjade,1,4749682.526666666,3099876.0,1649806.5266666664,53.221694244113834
Railwaycolony,1,6933913.553333334,9500000.0,2566086.4466666663,27.01143628070175
Ramchandra Lane,1,6688944.3,6500000.0,188944.2999999998,2.906835384615382
Residential Flat Virar,1,3246227.777777778,2800000.0,446227.777777778,15.936706349206355
Roadpali Navimumbai,1,5808500.0,4650000.0,1158500.0,24.913978494623656
Sahkar Nagar,1,18805333.39333333,18000000.0,805333.3933333308,4.474074407407393
Sai Baba Nagar Lane,1,18102746.826666668,18000000.0,102746.82666666806,0.5708157037037114
Mulund Mumbai,1,18647777.77777778,15500000.0,3147777.77777778,20.30824372759858
Murarbaug,1,4238102.577777778,4475000.0,236897.4222222222,5.2937971446306635
Nagpada,1,12712000.0,11500000.0,1212000.0,10.53913043478261
Napean Sea Road,1,325806871.43333334,376872165.0,51065293.56666666,13.549765227863581
Mira Bhayandar,1,4877667.022222222,4400000.0,477667.0222222218,10.856068686868678
Mount Marry,1,32383990.68,35000000.0,2616009.3200000003,7.474312342857144
Mulund Gavanpada,1,7913641.814666667,6900000.0,1013641.814666667,14.690461082125609
Louis Wadi,1,20885328.0,19500000.0,1385328.0,7.104246153846154
Madanpura,1,12377072.666666666,11000000.0,1377072.666666666,12.518842424242418
Malad Mithchowki,1,17652000.0,16000000.0,1652000.0,10.325
Mandvi,1,12013318.226666668,8500000.0,3513318.2266666684,41.33315560784316
Manjarli,1,1349051.1266666667,950000.0,399051.1266666667,42.005381754385965
Sarsole,1,30877725.32,30000000.0,877725.3200000003,2.9257510666666677
Satpati,1,1463816.92,1400000.0,63816.919999999925,4.558351428571424
Sector 12 Kharghar,1,5071111.633333334,5200000.0,128888.36666666623,2.4786224358974276
Sector 16 A,1,32266644.0,32500000.0,233356.0,0.7180184615384616
Sector 16 Vashi,1,18132362.476190478,23000000.0,4867637.523809522,21.16364140786749
Sector 17 Vashi,1,8580053.333333334,12500000.0,3919946.666666666,31.35957333333333
Sector 18 Kharghar,1,3669999.98,2700000.0,969999.98,35.925925185185186
Kon,1,4546082.808888889,4450000.0,96082.80888888892,2.159164244694133
Kongaon,1,3657125.291111112,2800000.0,857125.2911111121,30.611617539682573
Koparkhairane Station Road,1,16245333.333333334,16800000.0,554666.666666666,3.301587301587298
Lic Colony,1,5978963.682777777,5500000.0,478963.6827777773,8.708430595959587
Lokhandwala Andheri,1,44672179.61333334,70100000.0,25427820.386666663,36.27363821207798
Khanda Colony,1,5363972.28,6300000.0,936027.7199999997,14.857582857142853
Khar Danda,1,32822743.766666666,6500000.0,26322743.766666666,404.96528871794874
Kolegaon,1,2382211.111111111,2500000.0,117788.88888888899,4.7115555555555595
Sector 19 Ulwe,1,9156685.96,8000000.0,1156685.960000001,14.45857450000001
Sector 2 Charkop Kandivali,1,13145645.777777778,12000000.0,1145645.777777778,9.54704814814815
Sector 21 Kharghar,1,40609249.81333333,43000000.0,2390750.1866666675,5.559884155038762
Sector 21 Nerul,1,27731817.37333333,27500000.0,231817.3733333312,0.8429722666666589
Sector 22 Kamothe,1,4562768.52,4800000.0,237231.48000000045,4.942322500000009
Sector 23 Ulwe,1,5065919.013333334,5200000.0,134080.98666666634,2.5784805128205064
Sector 30 Kharghar,1,4626900.0,4300000.0,326900.0,7.602325581395348
Sector 44 Seawoods,1,16562376.833333334,16100000.0,462376.83333333395,2.871905797101453
Kalyan Shilphata Road,1,3289160.875555556,3224000.0,65160.8755555558,2.021118968844783
Kamathipura,1,39586416.306666665,35000000.0,4586416.306666665,13.104046590476184
Kanjur Marg,1,28179571.946666665,23500000.0,4679571.946666665,19.913072113475174
Sector-20 Koparkhairane,1,13722000.0,15000000.0,1278000.0,8.52
Sector-3 Ghansoli,1,7458133.333333333,7000000.0,458133.333333333,6.5447619047619
Sector-50 Seawoods,1,8199161.666666667,9000000.0,800838.333333333,8.8982037037037
Sector-9A Vashi,1,18650369.25333333,20000000.0,1349630.7466666698,6.748153733333349
Sector13 Kharghar,1,9318333.333333334,9200000.0,118333.33333333395,1.2862318840579776
Sector20 Koparkhairane,1,7506373.333333333,7600000.0,93626.66666666698,1.2319298245614074
Sector35D Kharghar,1,7998751.133333334,9200000.0,1201248.8666666662,13.057052898550719
Shahpur,1,6435464.946666666,5500000.0,935464.9466666663,17.00845357575757
Irani Wadi,1,11820391.516666668,10700000.0,1120391.5166666675,10.47094875389409
Jambli Naka,1,5483866.66,4500000.0,983866.6600000001,21.86370355555556
Jari Mari,1,3782500.0,2600000.0,1182500.0,45.48076923076923
Jawahar Nagar,1,9251933.78,8500000.0,751933.7799999993,8.846279764705875
Joveli Gaon,1,2101153.313333333,2000000.0,101153.313333333,5.057665666666651
Juhu Tara,1,32637898.666666668,40000000.0,7362101.333333332,18.40525333333333
Gorai 1,1,9696697.533333331,9500000.0,196697.53333333135,2.070500350877172
Gorai 2,1,12085875.13,8500000.0,3585875.130000001,42.18676623529413
Haranwali,1,1487536.96,1250000.0,237536.95999999996,19.0029568
Haware City,1,3139478.1844444447,2500000.0,639478.1844444447,25.579127377777787
Hiranandani Meadows,1,30865000.0,32500000.0,1635000.0,5.030769230769231
Gawand Baug,1,29366160.88888889,27500000.0,1866160.8888888918,6.786039595959606
Ghodbunder Thane,1,8836929.333333334,9000000.0,163070.66666666605,1.8118962962962892
Shirgaon,1,2762287.822222222,3000000.0,237712.1777777779,7.923739259259263
Siddhartha Nagar,1,50650233.29333334,69500000.0,18849766.706666663,27.121966484412464
Sion Koliwada,1,8423512.905,8500000.0,76487.09500000067,0.8998481764705961
Taloja Panvel,1,2791349.4266666668,2850000.0,58650.57333333325,2.0579148538011665
Taloja Phase 2,1,5447736.846666667,3000000.0,2447736.8466666667,81.59122822222223
Dahanu,1,1858831.0066666664,1100000.0,758831.0066666664,68.98463696969695
Damat,1,1508471.6066666667,1249999.0,258472.6066666667,20.677825075593397
Dattapada,1,15280735.473333333,14300000.0,980735.4733333327,6.858290023310019
Devad,1,2849760.0,2200000.0,649760.0,29.53454545454545
Dharavi,1,6733661.142222223,6500000.0,233661.14222222287,3.5947868034188133
Dighe,1,15236666.666666666,16500000.0,1263333.333333334,7.65656565656566
Dockyard Road,1,12329170.966666669,12500000.0,170829.03333333135,1.3666322666666508
Charkop Sector 8,1,14208072.433333334,13500000.0,708072.4333333336,5.244980987654323
Chinchpada,1,1314819.6333333333,1200000.0,114819.6333333333,9.568302777777776
Crawford Market,1,19773965.856,13000000.0,6773965.855999999,52.107429661538454
Tembhode Palghar,1,1573484.0,1605000.0,31516.0,1.963613707165109
Thane Diva,1,2148382.566666667,700000.0,1448382.566666667,206.91179523809527
Uran,1,5344242.726666667,6260000.0,915757.2733333334,14.628710436634721
Bhuleshwar,1,36450091.26533333,29500000.0,6950091.265333332,23.559631407909603
Bkc Bandra,1,12290784.0,12500000.0,209216.0,1.673728
Bolinj,1,3000000.0,3200000.0,200000.0,6.25
Bopele,1,5001099.8,5000000.0,1099.7999999998137,0.021995999999996275
Borivali Old Mhb Colony,1,20835623.79111111,15000000.0,5835623.791111112,38.90415860740741
Cbd Belapur,1,5472720.2022222215,6000000.0,527279.7977777785,8.78799662962964
Century Mills,1,5560155.555555555,3600000.0,1960155.555555555,54.44876543209875
Atgaon,1,1669530.2533333334,1330000.0,339530.2533333334,25.528590476190484
Babhai,1,13692677.984444443,13000000.0,692677.9844444431,5.328292188034178
Bandstand,1,105742736.01333334,130000000.0,24257263.986666664,18.659433835897435
Bdd Chawls Worli,1,6589937.628888889,5500000.0,1089937.6288888892,19.817047797979804
Beturkar Pada,1,4081016.6666666665,3900000.0,181016.6666666665,4.641452991452987
Beverly Park,1,7360146.91111111,6800000.0,560146.9111111099,8.23745457516338
Bhakti Park Wadala,1,21867475.9,18000000.0,3867475.8999999985,21.485977222222214
Usarghar Gaon,1,7856209.073333333,7500000.0,356209.07333333325,4.74945431111111
Vajreshwari,1,21919025.626666665,21400000.0,519025.6266666651,2.4253533956386217
Vakola Pipeline Road,1,6381961.933333334,4500000.0,1881961.9333333336,41.8213762962963
Vakola Santacuz E,1,24222257.237777777,25000000.0,777742.762222223,3.1109710488888918
Vakola Yashwant Nagar,1,11345735.32,10500000.0,845735.3200000003,8.054622095238098
Vallabh Baug Lane,1,10978140.2,10999800.0,21659.800000000745,0.1969108529246054
Vazira Naka,1,2638206.0,1950000.0,688206.0,35.29261538461538
Veera Desai Road,1,16305998.666666666,16900000.0,594001.333333334,3.514800788954639
Yari Road,1,14401444.64,14900000.0,498555.3599999994,3.3460091275167745
Acc Cement Road,1,9497189.813333333,10000000.0,502810.18666666746,5.028101866666675
