price,area,price_per_sqft,locality,city,property_type,bedroom_num,bathroom_num,balcony_num,furnished,age,total_floors,latitude,longitude,predicted_price,price_difference,price_difference_percent,predicted_price_per_sqft,price_per_sqft_difference,anomaly_label,anomaly_score,is_anomaly,deal_status,value_score
5100000,800,6375.0,Airoli,Mumbai,Apartment,2,2,0,Semi-Furnished,0,1,19.14828491,73.00056458,9062599.297230909,-3962599.2972309086,-43.72475453528754,11328.249121538636,-4953.249121538636,1,0.2678171731776461,False,Attractive Deal,0.9084976733879904
5133600,713,7200.0,Panvel,Mumbai,Apartment,2,2,0,Unfurnished,2,1,18.96840477,73.13047791,7335189.071535082,-2201589.0715350816,-30.014073939532977,10287.78270902536,-3087.7827090253595,1,0.2379117135169731,False,Attractive Deal,0.8989807223576337
5256000,730,7200.0,Panvel,Mumbai,Apartment,2,2,0,Unfurnished,2,1,18.96840477,73.13047791,7427751.882035081,-2171751.8820350813,-29.238347167838587,10175.002578130248,-2975.0025781302484,1,0.2385438903266758,False,Attractive Deal,0.8947041879016175
5500000,855,6432.748538011696,Kharghar,Mumbai,Apartment,2,2,0,Unfurnished,0,1,19.0477562,73.07044983,7980529.881194669,-2480529.881194669,-31.082270452238923,9333.953077420663,-2901.204539408969,1,0.2673996420216653,False,Attractive Deal,0.8850875249279859
5500000,883,6228.76557191393,Panvel,Mumbai,Apartment,2,2,0,Unfurnished,0,1,18.94206047,73.18312073,8029500.788858396,-2529500.788858396,-31.50259095021561,9093.432376963076,-2864.6668050491453,1,0.2172234446305558,False,Attractive Deal,0.8837358741413694
5500000,700,7857.142857142857,Chembur,Mumbai,Independent House,2,2,0,Unfurnished,0,1,19.04439545,72.89630127,10360442.722853964,-4860442.722853964,-46.91346550405976,14800.63246121995,-6943.489604077093,1,0.2733727609212042,False,Attractive Deal,0.8827830711278529
5099000,826,6173.123486682809,Dombivali,Mumbai,Apartment,2,2,0,Semi-Furnished,0,1,19.21629906,73.09805298,6368364.648878491,-1269364.6488784906,-19.932348709052548,7709.884562806889,-1536.7610761240803,1,0.2608432746573912,False,Attractive Deal,0.8827498338134279
5500000,700,7857.142857142857,Nerul,Mumbai,Apartment,2,2,0,Semi-Furnished,0,1,19.0361557,73.02041626,9078710.323862163,-3578710.323862164,-39.41870812262846,12969.586176945948,-5112.443319803091,1,0.2691455917083669,False,Attractive Deal,0.8810990471969865
5500000,900,6111.111111111111,Thane,Mumbai,Apartment,2,2,0,Semi-Furnished,0,1,19.2175293,72.95685577,8054353.101526294,-2554353.101526294,-31.71394486097519,8949.281223918104,-2838.1701128069926,1,0.2635315272851628,False,Attractive Deal,0.8803678262796366
5900000,845,6982.248520710059,Vashi,Mumbai,Apartment,2,2,0,Unfurnished,0,1,19.0761013,73.00013733,9602507.3758919,-3702507.3758919,-38.557714469321134,11363.91405430994,-4381.665533599881,1,0.2687913123320252,False,Attractive Deal,0.8793596277420785
5000000,780,6410.25641025641,Panvel,Mumbai,Apartment,2,2,0,Semi-Furnished,10,1,18.99314117,73.13563538,6025038.05904918,-1025038.0590491798,-17.012972349770394,7724.407768011769,-1314.1513577553587,1,0.2151413034212852,False,Attractive Deal,0.8790826501218701
5000000,750,6666.666666666667,Vasai,Mumbai,Apartment,2,2,1,Unfurnished,17,1,19.37220383,72.82257843,6010885.446666667,-1010885.4466666672,-16.817579633417452,8014.5139288888895,-1347.8472622222223,1,0.1101406750173561,False,Attractive Deal,0.8782184799468203
5760000,800,7200.0,Panvel,Mumbai,Apartment,2,2,0,Unfurnished,2,1,18.96840477,73.13047791,8263384.89311294,-2503384.89311294,-30.29490850897395,10329.231116391176,-3129.2311163911745,1,0.2418505565910373,False,Attractive Deal,0.8772545978284956
5000000,980,5102.040816326531,Kalyan,Mumbai,Apartment,2,2,0,Unfurnished,4,1,19.25585938,73.13314819,8082521.625555557,-3082521.625555557,-38.13811788401714,8247.471046485263,-3145.430230158732,1,0.2333421050711259,False,Attractive Deal,0.8762907157101707
5100000,750,6800.0,Kalyan,Mumbai,Apartment,2,2,0,Semi-Furnished,0,1,19.24378586,73.12378693,6137814.163579915,-1037814.1635799148,-16.90853023439543,8183.752218106553,-1383.7522181065533,1,0.2585710432935295,False,Attractive Deal,0.8754930201639708
5000000,670,7462.686567164179,Kalyan,Mumbai,Apartment,2,2,0,Unfurnished,0,1,19.26699829,73.08664703,6016376.257452029,-1016376.2574520288,-16.89349558537202,8979.666055898551,-1516.9794887343724,1,0.258343836959597,False,Attractive Deal,0.8732993574119212
6000000,800,7500.0,Ulwe,Mumbai,Apartment,2,2,0,Unfurnished,0,1,18.98021317,73.02484894,10866604.173333336,-4866604.173333336,-44.78495853631984,13583.25521666667,-6083.25521666667,1,0.2568279440667083,False,Attractive Deal,0.8725127409705297
5000000,850,5882.35294117647,Panvel,Mumbai,Apartment,2,2,0,Unfurnished,0,1,18.94493675,73.13698578,5985361.116929824,-985361.1169298243,-16.46285157536598,7041.601314035088,-1159.2483728586176,1,0.2356397894762981,False,Attractive Deal,0.8705960558386883
5940000,825,7200.0,Panvel,Mumbai,Apartment,2,2,0,Unfurnished,2,1,18.96840477,73.13047791,8507529.425394056,-2567529.4253940564,-30.179495092079943,10312.156879265523,-3112.1568792655235,1,0.2418505565910373,False,Attractive Deal,0.8704298692665634
5199000,921,5644.951140065146,Panvel,Mumbai,Apartment,2,2,2,Unfurnished,3,1,18.93000221,73.12888336,6579712.40875,-1380712.4087500004,-20.984388419680265,7144.095992128122,-1499.1448520629756,1,0.120562949668,False,Attractive Deal,0.8687790826501219
