Model,R2 Score,MSE,RMSE
Linear Regression,0.655706634552479,322136679453359.75,17948166.464944538
Ridge Regression,0.6561153346710666,321754280858711.06,17937510.442051623
Lasso Regression,0.6559048787285389,321951193100714.3,17942998.44230931
Random Forest,0.8151321243074132,172970871906864.38,13151839.107397275
Gradient Boosting,0.7720864857512058,213246347594355.66,14602956.80998734
Log Linear Regression,0.48710593651298895,479887233110887.3,21906328.60866666
Log Ridge Regression,0.4844677832371399,482355610435168.25,21962595.712601192
Log Random Forest,0.8382623615922855,151329159978341.03,12301591.766041541
Log Gradient Boosting,0.7755388015665324,210016202419388.1,14491935.771986712
